file,line,type,commit,author,date,time,timezone,datetime,depth,length
style.css,1,css,6c0fff36,ChidiebereAgunanne,2026-04-14,16:56:41,-07:00,2026-04-14T16:56:41-07:00,0,17
style.css,2,css,6c0fff36,ChidiebereAgunanne,2026-04-14,16:56:41,-07:00,2026-04-14T16:56:41-07:00,0,4
style.css,3,css,6c0fff36,ChidiebereAgunanne,2026-04-14,16:56:41,-07:00,2026-04-14T16:56:41-07:00,1,23
style.css,4,css,6c0fff36,ChidiebereAgunanne,2026-04-14,16:56:41,-07:00,2026-04-14T16:56:41-07:00,0,0
style.css,5,css,6c0fff36,ChidiebereAgunanne,2026-04-14,16:56:41,-07:00,2026-04-14T16:56:41-07:00,0,13
style.css,6,css,6c0fff36,ChidiebereAgunanne,2026-04-14,16:56:41,-07:00,2026-04-14T16:56:41-07:00,1,17
style.css,7,css,6c0fff36,ChidiebereAgunanne,2026-04-14,16:56:41,-07:00,2026-04-14T16:56:41-07:00,1,8
style.css,8,css,6c0fff36,ChidiebereAgunanne,2026-04-14,16:56:41,-07:00,2026-04-14T16:56:41-07:00,1,10
style.css,9,css,6c0fff36,ChidiebereAgunanne,2026-04-14,16:56:41,-07:00,2026-04-14T16:56:41-07:00,1,13
style.css,10,css,6c0fff36,ChidiebereAgunanne,2026-04-14,16:56:41,-07:00,2026-04-14T16:56:41-07:00,0,0
style.css,11,css,6c0fff36,ChidiebereAgunanne,2026-04-14,16:56:41,-07:00,2026-04-14T16:56:41-07:00,0,0
style.css,12,css,6c0fff36,ChidiebereAgunanne,2026-04-14,16:56:41,-07:00,2026-04-14T16:56:41-07:00,0,20
style.css,13,css,6c0fff36,ChidiebereAgunanne,2026-04-14,16:56:41,-07:00,2026-04-14T16:56:41-07:00,1,12
style.css,14,css,6c0fff36,ChidiebereAgunanne,2026-04-14,16:56:41,-07:00,2026-04-14T16:56:41-07:00,0,0
style.css,15,css,0f45af69,ChidiebereAgunanne,2026-04-02,16:33:57,-07:00,2026-04-02T16:33:57-07:00,0,4
style.css,16,css,0f45af69,ChidiebereAgunanne,2026-04-02,16:33:57,-07:00,2026-04-02T16:33:57-07:00,1,43
style.css,17,css,0f45af69,ChidiebereAgunanne,2026-04-02,16:33:57,-07:00,2026-04-02T16:33:57-07:00,0,42
style.css,18,css,0f45af69,ChidiebereAgunanne,2026-04-02,16:33:57,-07:00,2026-04-02T16:33:57-07:00,0,0
style.css,19,css,0f45af69,ChidiebereAgunanne,2026-04-02,16:33:57,-07:00,2026-04-02T16:33:57-07:00,1,23
style.css,20,css,e3847780,ChidiebereAgunanne,2026-04-06,18:32:44,-07:00,2026-04-06T18:32:44-07:00,1,15
style.css,21,css,e3847780,ChidiebereAgunanne,2026-04-06,18:32:44,-07:00,2026-04-06T18:32:44-07:00,1,42
style.css,22,css,62c72d2b,ChidiebereAgunanne,2026-04-07,17:23:53,-07:00,2026-04-07T17:23:53-07:00,0,0
style.css,23,css,62c72d2b,ChidiebereAgunanne,2026-04-07,17:23:53,-07:00,2026-04-07T17:23:53-07:00,0,18
style.css,24,css,62c72d2b,ChidiebereAgunanne,2026-04-07,17:23:53,-07:00,2026-04-07T17:23:53-07:00,0,3
style.css,25,css,62c72d2b,ChidiebereAgunanne,2026-04-07,17:23:53,-07:00,2026-04-07T17:23:53-07:00,1,12
style.css,26,css,62c72d2b,ChidiebereAgunanne,2026-04-07,17:23:53,-07:00,2026-04-07T17:23:53-07:00,1,19
style.css,27,css,62c72d2b,ChidiebereAgunanne,2026-04-07,17:23:53,-07:00,2026-04-07T17:23:53-07:00,1,23
style.css,28,css,62c72d2b,ChidiebereAgunanne,2026-04-07,17:23:53,-07:00,2026-04-07T17:23:53-07:00,1,25
style.css,29,css,6c0fff36,ChidiebereAgunanne,2026-04-14,16:56:41,-07:00,2026-04-14T16:56:41-07:00,1,39
style.css,30,css,6c0fff36,ChidiebereAgunanne,2026-04-14,16:56:41,-07:00,2026-04-14T16:56:41-07:00,1,39
style.css,31,css,62c72d2b,ChidiebereAgunanne,2026-04-07,17:23:53,-07:00,2026-04-07T17:23:53-07:00,0,0
style.css,32,css,62c72d2b,ChidiebereAgunanne,2026-04-07,17:23:53,-07:00,2026-04-07T17:23:53-07:00,0,5
style.css,33,css,62c72d2b,ChidiebereAgunanne,2026-04-07,17:23:53,-07:00,2026-04-07T17:23:53-07:00,1,6
style.css,34,css,62c72d2b,ChidiebereAgunanne,2026-04-07,17:23:53,-07:00,2026-04-07T17:23:53-07:00,1,20
style.css,35,css,62c72d2b,ChidiebereAgunanne,2026-04-07,17:23:53,-07:00,2026-04-07T17:23:53-07:00,1,13
style.css,36,css,62c72d2b,ChidiebereAgunanne,2026-04-07,17:23:53,-07:00,2026-04-07T17:23:53-07:00,1,17
style.css,37,css,62c72d2b,ChidiebereAgunanne,2026-04-07,17:23:53,-07:00,2026-04-07T17:23:53-07:00,1,13
style.css,38,css,62c72d2b,ChidiebereAgunanne,2026-04-07,17:23:53,-07:00,2026-04-07T17:23:53-07:00,0,0
style.css,39,css,62c72d2b,ChidiebereAgunanne,2026-04-07,17:23:53,-07:00,2026-04-07T17:23:53-07:00,0,13
style.css,40,css,62c72d2b,ChidiebereAgunanne,2026-04-07,17:23:53,-07:00,2026-04-07T17:23:53-07:00,1,25
style.css,41,css,6c0fff36,ChidiebereAgunanne,2026-04-14,16:56:41,-07:00,2026-04-14T16:56:41-07:00,1,39
style.css,42,css,62c72d2b,ChidiebereAgunanne,2026-04-07,17:23:53,-07:00,2026-04-07T17:23:53-07:00,1,25
style.css,43,css,62c72d2b,ChidiebereAgunanne,2026-04-07,17:23:53,-07:00,2026-04-07T17:23:53-07:00,1,16
style.css,44,css,62c72d2b,ChidiebereAgunanne,2026-04-07,17:23:53,-07:00,2026-04-07T17:23:53-07:00,0,0
style.css,45,css,62c72d2b,ChidiebereAgunanne,2026-04-07,17:23:53,-07:00,2026-04-07T17:23:53-07:00,0,5
style.css,46,css,62c72d2b,ChidiebereAgunanne,2026-04-07,17:23:53,-07:00,2026-04-07T17:23:53-07:00,1,31
style.css,47,css,62c72d2b,ChidiebereAgunanne,2026-04-07,17:23:53,-07:00,2026-04-07T17:23:53-07:00,0,0
style.css,48,css,62c72d2b,ChidiebereAgunanne,2026-04-07,17:23:53,-07:00,2026-04-07T17:23:53-07:00,0,4
style.css,49,css,62c72d2b,ChidiebereAgunanne,2026-04-07,17:23:53,-07:00,2026-04-07T17:23:53-07:00,1,32
style.css,50,css,62c72d2b,ChidiebereAgunanne,2026-04-07,17:23:53,-07:00,2026-04-07T17:23:53-07:00,0,0
style.css,51,css,62c72d2b,ChidiebereAgunanne,2026-04-07,17:23:53,-07:00,2026-04-07T17:23:53-07:00,0,7
style.css,52,css,62c72d2b,ChidiebereAgunanne,2026-04-07,17:23:53,-07:00,2026-04-07T17:23:53-07:00,1,25
style.css,53,css,62c72d2b,ChidiebereAgunanne,2026-04-07,17:23:53,-07:00,2026-04-07T17:23:53-07:00,1,39
style.css,54,css,62c72d2b,ChidiebereAgunanne,2026-04-07,17:23:53,-07:00,2026-04-07T17:23:53-07:00,1,25
style.css,55,css,6c0fff36,ChidiebereAgunanne,2026-04-14,16:56:41,-07:00,2026-04-14T16:56:41-07:00,1,69
style.css,56,css,62c72d2b,ChidiebereAgunanne,2026-04-07,17:23:53,-07:00,2026-04-07T17:23:53-07:00,0,0
style.css,57,css,62c72d2b,ChidiebereAgunanne,2026-04-07,17:23:53,-07:00,2026-04-07T17:23:53-07:00,0,15
style.css,58,css,62c72d2b,ChidiebereAgunanne,2026-04-07,17:23:53,-07:00,2026-04-07T17:23:53-07:00,0,4
style.css,59,css,62c72d2b,ChidiebereAgunanne,2026-04-07,17:23:53,-07:00,2026-04-07T17:23:53-07:00,1,12
style.css,60,css,62c72d2b,ChidiebereAgunanne,2026-04-07,17:23:53,-07:00,2026-04-07T17:23:53-07:00,1,30
style.css,61,css,62c72d2b,ChidiebereAgunanne,2026-04-07,17:23:53,-07:00,2026-04-07T17:23:53-07:00,1,13
style.css,62,css,62c72d2b,ChidiebereAgunanne,2026-04-07,17:23:53,-07:00,2026-04-07T17:23:53-07:00,0,0
style.css,63,css,62c72d2b,ChidiebereAgunanne,2026-04-07,17:23:53,-07:00,2026-04-07T17:23:53-07:00,0,5
style.css,64,css,62c72d2b,ChidiebereAgunanne,2026-04-07,17:23:53,-07:00,2026-04-07T17:23:53-07:00,1,12
style.css,65,css,62c72d2b,ChidiebereAgunanne,2026-04-07,17:23:53,-07:00,2026-04-07T17:23:53-07:00,1,29
style.css,66,css,62c72d2b,ChidiebereAgunanne,2026-04-07,17:23:53,-07:00,2026-04-07T17:23:53-07:00,1,18
style.css,67,css,62c72d2b,ChidiebereAgunanne,2026-04-07,17:23:53,-07:00,2026-04-07T17:23:53-07:00,0,0
style.css,68,css,62c72d2b,ChidiebereAgunanne,2026-04-07,17:23:53,-07:00,2026-04-07T17:23:53-07:00,0,17
style.css,69,css,62c72d2b,ChidiebereAgunanne,2026-04-07,17:23:53,-07:00,2026-04-07T17:23:53-07:00,0,9
style.css,70,css,62c72d2b,ChidiebereAgunanne,2026-04-07,17:23:53,-07:00,2026-04-07T17:23:53-07:00,1,12
style.css,71,css,62c72d2b,ChidiebereAgunanne,2026-04-07,17:23:53,-07:00,2026-04-07T17:23:53-07:00,1,58
style.css,72,css,62c72d2b,ChidiebereAgunanne,2026-04-07,17:23:53,-07:00,2026-04-07T17:23:53-07:00,1,7
style.css,73,css,62c72d2b,ChidiebereAgunanne,2026-04-07,17:23:53,-07:00,2026-04-07T17:23:53-07:00,0,0
style.css,74,css,62c72d2b,ChidiebereAgunanne,2026-04-07,17:23:53,-07:00,2026-04-07T17:23:53-07:00,0,17
style.css,75,css,62c72d2b,ChidiebereAgunanne,2026-04-07,17:23:53,-07:00,2026-04-07T17:23:53-07:00,1,12
style.css,76,css,62c72d2b,ChidiebereAgunanne,2026-04-07,17:23:53,-07:00,2026-04-07T17:23:53-07:00,1,26
style.css,77,css,62c72d2b,ChidiebereAgunanne,2026-04-07,17:23:53,-07:00,2026-04-07T17:23:53-07:00,1,15
style.css,78,css,62c72d2b,ChidiebereAgunanne,2026-04-07,17:23:53,-07:00,2026-04-07T17:23:53-07:00,0,0
style.css,79,css,62c72d2b,ChidiebereAgunanne,2026-04-07,17:23:53,-07:00,2026-04-07T17:23:53-07:00,0,2
style.css,80,css,62c72d2b,ChidiebereAgunanne,2026-04-07,17:23:53,-07:00,2026-04-07T17:23:53-07:00,1,8
style.css,81,css,62c72d2b,ChidiebereAgunanne,2026-04-07,17:23:53,-07:00,2026-04-07T17:23:53-07:00,0,0
style.css,82,css,62c72d2b,ChidiebereAgunanne,2026-04-07,17:23:53,-07:00,2026-04-07T17:23:53-07:00,0,2
style.css,83,css,62c72d2b,ChidiebereAgunanne,2026-04-07,17:23:53,-07:00,2026-04-07T17:23:53-07:00,1,14
style.css,84,css,62c72d2b,ChidiebereAgunanne,2026-04-07,17:23:53,-07:00,2026-04-07T17:23:53-07:00,0,0
style.css,85,css,62c72d2b,ChidiebereAgunanne,2026-04-07,17:23:53,-07:00,2026-04-07T17:23:53-07:00,0,21
style.css,86,css,62c72d2b,ChidiebereAgunanne,2026-04-07,17:23:53,-07:00,2026-04-07T17:23:53-07:00,1,15
style.css,87,css,62c72d2b,ChidiebereAgunanne,2026-04-07,17:23:53,-07:00,2026-04-07T17:23:53-07:00,1,17
style.css,88,css,62c72d2b,ChidiebereAgunanne,2026-04-07,17:23:53,-07:00,2026-04-07T17:23:53-07:00,0,0
style.css,89,css,0b1e972c,ChidiebereAgunanne,2026-04-27,13:09:45,-07:00,2026-04-27T13:09:45-07:00,0,18
style.css,90,css,0b1e972c,ChidiebereAgunanne,2026-04-27,13:09:45,-07:00,2026-04-27T13:09:45-07:00,1,14
style.css,91,css,0b1e972c,ChidiebereAgunanne,2026-04-27,13:09:45,-07:00,2026-04-27T13:09:45-07:00,1,16
style.css,92,css,0b1e972c,ChidiebereAgunanne,2026-04-27,13:09:45,-07:00,2026-04-27T13:09:45-07:00,0,0
style.css,93,css,0b1e972c,ChidiebereAgunanne,2026-04-27,13:09:45,-07:00,2026-04-27T13:09:45-07:00,1,16
style.css,94,css,0b1e972c,ChidiebereAgunanne,2026-04-27,13:09:45,-07:00,2026-04-27T13:09:45-07:00,0,0
style.css,95,css,0b1e972c,ChidiebereAgunanne,2026-04-27,13:09:45,-07:00,2026-04-27T13:09:45-07:00,0,10
style.css,96,css,0b1e972c,ChidiebereAgunanne,2026-04-27,13:09:45,-07:00,2026-04-27T13:09:45-07:00,1,12
style.css,97,css,0b1e972c,ChidiebereAgunanne,2026-04-27,13:09:45,-07:00,2026-04-27T13:09:45-07:00,0,0
style.css,98,css,0b1e972c,ChidiebereAgunanne,2026-04-27,13:09:45,-07:00,2026-04-27T13:09:45-07:00,0,7
style.css,99,css,0b1e972c,ChidiebereAgunanne,2026-04-27,13:09:45,-07:00,2026-04-27T13:09:45-07:00,1,12
style.css,100,css,0b1e972c,ChidiebereAgunanne,2026-04-27,13:09:45,-07:00,2026-04-27T13:09:45-07:00,1,58
style.css,101,css,0b1e972c,ChidiebereAgunanne,2026-04-27,13:09:45,-07:00,2026-04-27T13:09:45-07:00,1,6
style.css,102,css,0b1e972c,ChidiebereAgunanne,2026-04-27,13:09:45,-07:00,2026-04-27T13:09:45-07:00,1,21
style.css,103,css,0b1e972c,ChidiebereAgunanne,2026-04-27,13:09:45,-07:00,2026-04-27T13:09:45-07:00,1,17
style.css,104,css,0b1e972c,ChidiebereAgunanne,2026-04-27,13:09:45,-07:00,2026-04-27T13:09:45-07:00,1,17
style.css,105,css,0b1e972c,ChidiebereAgunanne,2026-04-27,13:09:45,-07:00,2026-04-27T13:09:45-07:00,1,16
style.css,106,css,0b1e972c,ChidiebereAgunanne,2026-04-27,13:09:45,-07:00,2026-04-27T13:09:45-07:00,1,17
style.css,107,css,0b1e972c,ChidiebereAgunanne,2026-04-27,13:09:45,-07:00,2026-04-27T13:09:45-07:00,0,0
style.css,108,css,0b1e972c,ChidiebereAgunanne,2026-04-27,13:09:45,-07:00,2026-04-27T13:09:45-07:00,0,12
style.css,109,css,0b1e972c,ChidiebereAgunanne,2026-04-27,13:09:45,-07:00,2026-04-27T13:09:45-07:00,1,12
style.css,110,css,0b1e972c,ChidiebereAgunanne,2026-04-27,13:09:45,-07:00,2026-04-27T13:09:45-07:00,1,18
style.css,111,css,0b1e972c,ChidiebereAgunanne,2026-04-27,13:09:45,-07:00,2026-04-27T13:09:45-07:00,0,0
style.css,112,css,0b1e972c,ChidiebereAgunanne,2026-04-27,13:09:45,-07:00,2026-04-27T13:09:45-07:00,0,7
style.css,113,css,0b1e972c,ChidiebereAgunanne,2026-04-27,13:09:45,-07:00,2026-04-27T13:09:45-07:00,1,20
style.css,114,css,0b1e972c,ChidiebereAgunanne,2026-04-27,13:09:45,-07:00,2026-04-27T13:09:45-07:00,1,10
style.css,115,css,0b1e972c,ChidiebereAgunanne,2026-04-27,13:09:45,-07:00,2026-04-27T13:09:45-07:00,1,11
style.css,116,css,0b1e972c,ChidiebereAgunanne,2026-04-27,13:09:45,-07:00,2026-04-27T13:09:45-07:00,1,29
style.css,117,css,0b1e972c,ChidiebereAgunanne,2026-04-27,13:09:45,-07:00,2026-04-27T13:09:45-07:00,1,17
style.css,118,css,0b1e972c,ChidiebereAgunanne,2026-04-27,13:09:45,-07:00,2026-04-27T13:09:45-07:00,1,16
style.css,119,css,0b1e972c,ChidiebereAgunanne,2026-04-27,13:09:45,-07:00,2026-04-27T13:09:45-07:00,0,0
style.css,120,css,0b1e972c,ChidiebereAgunanne,2026-04-27,13:09:45,-07:00,2026-04-27T13:09:45-07:00,0,6
style.css,121,css,0b1e972c,ChidiebereAgunanne,2026-04-27,13:09:45,-07:00,2026-04-27T13:09:45-07:00,1,16
style.css,122,css,0b1e972c,ChidiebereAgunanne,2026-04-27,13:09:45,-07:00,2026-04-27T13:09:45-07:00,0,0
style.css,123,css,d4cbd43c,ChidiebereAgunanne,2026-04-28,19:55:08,-07:00,2026-04-28T19:55:08-07:00,0,10
style.css,124,css,d4cbd43c,ChidiebereAgunanne,2026-04-28,19:55:08,-07:00,2026-04-28T19:55:08-07:00,1,10
style.css,125,css,d4cbd43c,ChidiebereAgunanne,2026-04-28,19:55:08,-07:00,2026-04-28T19:55:08-07:00,1,78
style.css,126,css,d4cbd43c,ChidiebereAgunanne,2026-04-28,19:55:08,-07:00,2026-04-28T19:55:08-07:00,1,14
style.css,127,css,d4cbd43c,ChidiebereAgunanne,2026-04-28,19:55:08,-07:00,2026-04-28T19:55:08-07:00,1,23
style.css,128,css,d4cbd43c,ChidiebereAgunanne,2026-04-28,19:55:08,-07:00,2026-04-28T19:55:08-07:00,1,17
style.css,129,css,d4cbd43c,ChidiebereAgunanne,2026-04-28,19:55:08,-07:00,2026-04-28T19:55:08-07:00,1,21
style.css,130,css,d4cbd43c,ChidiebereAgunanne,2026-04-28,19:55:08,-07:00,2026-04-28T19:55:08-07:00,1,12
style.css,131,css,d4cbd43c,ChidiebereAgunanne,2026-04-28,19:55:08,-07:00,2026-04-28T19:55:08-07:00,1,18
style.css,132,css,d4cbd43c,ChidiebereAgunanne,2026-04-28,19:55:08,-07:00,2026-04-28T19:55:08-07:00,0,0
style.css,133,css,355a1e4f,ChidiebereAgunanne,2026-04-29,11:42:05,-07:00,2026-04-29T11:42:05-07:00,0,17
style.css,134,css,355a1e4f,ChidiebereAgunanne,2026-04-29,11:42:05,-07:00,2026-04-29T11:42:05-07:00,1,16
style.css,135,css,355a1e4f,ChidiebereAgunanne,2026-04-29,11:42:05,-07:00,2026-04-29T11:42:05-07:00,2,11
style.css,136,css,355a1e4f,ChidiebereAgunanne,2026-04-29,11:42:05,-07:00,2026-04-29T11:42:05-07:00,1,0
style.css,137,css,355a1e4f,ChidiebereAgunanne,2026-04-29,11:42:05,-07:00,2026-04-29T11:42:05-07:00,0,0
style.css,138,css,355a1e4f,ChidiebereAgunanne,2026-04-29,11:42:05,-07:00,2026-04-29T11:42:05-07:00,0,4
style.css,139,css,355a1e4f,ChidiebereAgunanne,2026-04-29,11:42:05,-07:00,2026-04-29T11:42:05-07:00,1,16
style.css,140,css,355a1e4f,ChidiebereAgunanne,2026-04-29,11:42:05,-07:00,2026-04-29T11:42:05-07:00,0,0
style.css,141,css,355a1e4f,ChidiebereAgunanne,2026-04-29,11:42:05,-07:00,2026-04-29T11:42:05-07:00,0,9
style.css,142,css,355a1e4f,ChidiebereAgunanne,2026-04-29,11:42:05,-07:00,2026-04-29T11:42:05-07:00,1,35
style.css,143,css,355a1e4f,ChidiebereAgunanne,2026-04-29,11:42:05,-07:00,2026-04-29T11:42:05-07:00,0,0
style.css,144,css,355a1e4f,ChidiebereAgunanne,2026-04-29,11:42:05,-07:00,2026-04-29T11:42:05-07:00,1,10
style.css,145,css,355a1e4f,ChidiebereAgunanne,2026-04-29,11:42:05,-07:00,2026-04-29T11:42:05-07:00,2,17
style.css,146,css,355a1e4f,ChidiebereAgunanne,2026-04-29,11:42:05,-07:00,2026-04-29T11:42:05-07:00,1,0
style.css,147,css,355a1e4f,ChidiebereAgunanne,2026-04-29,11:42:05,-07:00,2026-04-29T11:42:05-07:00,0,0
style.css,148,css,d4cbd43c,ChidiebereAgunanne,2026-04-28,19:55:08,-07:00,2026-04-28T19:55:08-07:00,0,0
style.css,149,css,62c72d2b,ChidiebereAgunanne,2026-04-07,17:23:53,-07:00,2026-04-07T17:23:53-07:00,0,15
style.css,150,css,62c72d2b,ChidiebereAgunanne,2026-04-07,17:23:53,-07:00,2026-04-07T17:23:53-07:00,0,18
style.css,151,css,62c72d2b,ChidiebereAgunanne,2026-04-07,17:23:53,-07:00,2026-04-07T17:23:53-07:00,1,12
style.css,152,css,62c72d2b,ChidiebereAgunanne,2026-04-07,17:23:53,-07:00,2026-04-07T17:23:53-07:00,1,30
style.css,153,css,62c72d2b,ChidiebereAgunanne,2026-04-07,17:23:53,-07:00,2026-04-07T17:23:53-07:00,1,13
style.css,154,css,62c72d2b,ChidiebereAgunanne,2026-04-07,17:23:53,-07:00,2026-04-07T17:23:53-07:00,0,0
style.css,155,css,62c72d2b,ChidiebereAgunanne,2026-04-07,17:23:53,-07:00,2026-04-07T17:23:53-07:00,0,26
style.css,156,css,62c72d2b,ChidiebereAgunanne,2026-04-07,17:23:53,-07:00,2026-04-07T17:23:53-07:00,2,10
style.css,157,css,62c72d2b,ChidiebereAgunanne,2026-04-07,17:23:53,-07:00,2026-04-07T17:23:53-07:00,0,0
style.css,158,css,62c72d2b,ChidiebereAgunanne,2026-04-07,17:23:53,-07:00,2026-04-07T17:23:53-07:00,0,18
style.css,159,css,62c72d2b,ChidiebereAgunanne,2026-04-07,17:23:53,-07:00,2026-04-07T17:23:53-07:00,1,12
style.css,160,css,62c72d2b,ChidiebereAgunanne,2026-04-07,17:23:53,-07:00,2026-04-07T17:23:53-07:00,1,30
style.css,161,css,62c72d2b,ChidiebereAgunanne,2026-04-07,17:23:53,-07:00,2026-04-07T17:23:53-07:00,1,13
style.css,162,css,62c72d2b,ChidiebereAgunanne,2026-04-07,17:23:53,-07:00,2026-04-07T17:23:53-07:00,0,0
style.css,163,css,62c72d2b,ChidiebereAgunanne,2026-04-07,17:23:53,-07:00,2026-04-07T17:23:53-07:00,0,0
style.css,164,css,62c72d2b,ChidiebereAgunanne,2026-04-07,17:23:53,-07:00,2026-04-07T17:23:53-07:00,0,21
style.css,165,css,62c72d2b,ChidiebereAgunanne,2026-04-07,17:23:53,-07:00,2026-04-07T17:23:53-07:00,1,13
style.css,166,css,62c72d2b,ChidiebereAgunanne,2026-04-07,17:23:53,-07:00,2026-04-07T17:23:53-07:00,0,0
style.css,167,css,62c72d2b,ChidiebereAgunanne,2026-04-07,17:23:53,-07:00,2026-04-07T17:23:53-07:00,0,0
style.css,168,css,62c72d2b,ChidiebereAgunanne,2026-04-07,17:23:53,-07:00,2026-04-07T17:23:53-07:00,0,34
style.css,169,css,62c72d2b,ChidiebereAgunanne,2026-04-07,17:23:53,-07:00,2026-04-07T17:23:53-07:00,1,18
style.css,170,css,62c72d2b,ChidiebereAgunanne,2026-04-07,17:23:53,-07:00,2026-04-07T17:23:53-07:00,1,17
style.css,171,css,62c72d2b,ChidiebereAgunanne,2026-04-07,17:23:53,-07:00,2026-04-07T17:23:53-07:00,0,0
style.css,172,css,62c72d2b,ChidiebereAgunanne,2026-04-07,17:23:53,-07:00,2026-04-07T17:23:53-07:00,0,0
style.css,173,css,62c72d2b,ChidiebereAgunanne,2026-04-07,17:23:53,-07:00,2026-04-07T17:23:53-07:00,0,35
style.css,174,css,62c72d2b,ChidiebereAgunanne,2026-04-07,17:23:53,-07:00,2026-04-07T17:23:53-07:00,1,10
style.css,175,css,62c72d2b,ChidiebereAgunanne,2026-04-07,17:23:53,-07:00,2026-04-07T17:23:53-07:00,1,13
style.css,176,css,62c72d2b,ChidiebereAgunanne,2026-04-07,17:23:53,-07:00,2026-04-07T17:23:53-07:00,1,16
style.css,177,css,62c72d2b,ChidiebereAgunanne,2026-04-07,17:23:53,-07:00,2026-04-07T17:23:53-07:00,1,18
style.css,178,css,62c72d2b,ChidiebereAgunanne,2026-04-07,17:23:53,-07:00,2026-04-07T17:23:53-07:00,1,10
style.css,179,css,62c72d2b,ChidiebereAgunanne,2026-04-07,17:23:53,-07:00,2026-04-07T17:23:53-07:00,0,0
style.css,180,css,62c72d2b,ChidiebereAgunanne,2026-04-07,17:23:53,-07:00,2026-04-07T17:23:53-07:00,0,0
style.css,181,css,000bf5d5,ChidiebereAgunanne,2026-04-19,14:18:38,-07:00,2026-04-19T14:18:38-07:00,0,2
style.css,182,css,000bf5d5,ChidiebereAgunanne,2026-04-19,14:18:38,-07:00,2026-04-19T14:18:38-07:00,1,12
style.css,183,css,000bf5d5,ChidiebereAgunanne,2026-04-19,14:18:38,-07:00,2026-04-19T14:18:38-07:00,1,36
style.css,184,css,000bf5d5,ChidiebereAgunanne,2026-04-19,14:18:38,-07:00,2026-04-19T14:18:38-07:00,1,15
style.css,185,css,000bf5d5,ChidiebereAgunanne,2026-04-19,14:18:38,-07:00,2026-04-19T14:18:38-07:00,0,0
style.css,186,css,000bf5d5,ChidiebereAgunanne,2026-04-19,14:18:38,-07:00,2026-04-19T14:18:38-07:00,0,0
style.css,187,css,000bf5d5,ChidiebereAgunanne,2026-04-19,14:18:38,-07:00,2026-04-19T14:18:38-07:00,0,2
style.css,188,css,000bf5d5,ChidiebereAgunanne,2026-04-19,14:18:38,-07:00,2026-04-19T14:18:38-07:00,1,10
style.css,189,css,000bf5d5,ChidiebereAgunanne,2026-04-19,14:18:38,-07:00,2026-04-19T14:18:38-07:00,1,10
style.css,190,css,000bf5d5,ChidiebereAgunanne,2026-04-19,14:18:38,-07:00,2026-04-19T14:18:38-07:00,1,57
style.css,191,css,000bf5d5,ChidiebereAgunanne,2026-04-19,14:18:38,-07:00,2026-04-19T14:18:38-07:00,0,0
style.css,192,css,000bf5d5,ChidiebereAgunanne,2026-04-19,14:18:38,-07:00,2026-04-19T14:18:38-07:00,0,0
style.css,193,css,000bf5d5,ChidiebereAgunanne,2026-04-19,14:18:38,-07:00,2026-04-19T14:18:38-07:00,0,2
style.css,194,css,000bf5d5,ChidiebereAgunanne,2026-04-19,14:18:38,-07:00,2026-04-19T14:18:38-07:00,1,10
style.css,195,css,000bf5d5,ChidiebereAgunanne,2026-04-19,14:18:38,-07:00,2026-04-19T14:18:38-07:00,1,8
style.css,196,css,000bf5d5,ChidiebereAgunanne,2026-04-19,14:18:38,-07:00,2026-04-19T14:18:38-07:00,1,14
style.css,197,css,000bf5d5,ChidiebereAgunanne,2026-04-19,14:18:38,-07:00,2026-04-19T14:18:38-07:00,0,0
style.css,198,css,000bf5d5,ChidiebereAgunanne,2026-04-19,14:18:38,-07:00,2026-04-19T14:18:38-07:00,0,13
style.css,199,css,000bf5d5,ChidiebereAgunanne,2026-04-19,14:18:38,-07:00,2026-04-19T14:18:38-07:00,1,10
style.css,200,css,000bf5d5,ChidiebereAgunanne,2026-04-19,14:18:38,-07:00,2026-04-19T14:18:38-07:00,1,19
style.css,201,css,000bf5d5,ChidiebereAgunanne,2026-04-19,14:18:38,-07:00,2026-04-19T14:18:38-07:00,1,16
style.css,202,css,b55d2e02,ChidiebereAgunanne,2026-05-08,16:34:46,-07:00,2026-05-08T16:34:46-07:00,0,0
style.css,203,css,b55d2e02,ChidiebereAgunanne,2026-05-08,16:34:46,-07:00,2026-05-08T16:34:46-07:00,0,15
style.css,204,css,b55d2e02,ChidiebereAgunanne,2026-05-08,16:34:46,-07:00,2026-05-08T16:34:46-07:00,1,11
style.css,205,css,b55d2e02,ChidiebereAgunanne,2026-05-08,16:34:46,-07:00,2026-05-08T16:34:46-07:00,1,18
style.css,206,css,b55d2e02,ChidiebereAgunanne,2026-05-08,16:34:46,-07:00,2026-05-08T16:34:46-07:00,0,0
style.css,207,css,b55d2e02,ChidiebereAgunanne,2026-05-08,16:34:46,-07:00,2026-05-08T16:34:46-07:00,0,0
style.css,208,css,b55d2e02,ChidiebereAgunanne,2026-05-08,16:34:46,-07:00,2026-05-08T16:34:46-07:00,0,15
style.css,209,css,b55d2e02,ChidiebereAgunanne,2026-05-08,16:34:46,-07:00,2026-05-08T16:34:46-07:00,1,12
style.css,210,css,b55d2e02,ChidiebereAgunanne,2026-05-08,16:34:46,-07:00,2026-05-08T16:34:46-07:00,0,0
style.css,211,css,b55d2e02,ChidiebereAgunanne,2026-05-08,16:34:46,-07:00,2026-05-08T16:34:46-07:00,0,8
style.css,212,css,b55d2e02,ChidiebereAgunanne,2026-05-08,16:34:46,-07:00,2026-05-08T16:34:46-07:00,1,14
style.css,213,css,b55d2e02,ChidiebereAgunanne,2026-05-08,16:34:46,-07:00,2026-05-08T16:34:46-07:00,1,7
style.css,214,css,b55d2e02,ChidiebereAgunanne,2026-05-08,16:34:46,-07:00,2026-05-08T16:34:46-07:00,1,8
style.css,215,css,b55d2e02,ChidiebereAgunanne,2026-05-08,16:34:46,-07:00,2026-05-08T16:34:46-07:00,0,0
style.css,216,css,b55d2e02,ChidiebereAgunanne,2026-05-08,16:34:46,-07:00,2026-05-08T16:34:46-07:00,1,42
style.css,217,css,b55d2e02,ChidiebereAgunanne,2026-05-08,16:34:46,-07:00,2026-05-08T16:34:46-07:00,1,25
style.css,218,css,b55d2e02,ChidiebereAgunanne,2026-05-08,16:34:46,-07:00,2026-05-08T16:34:46-07:00,0,0
style.css,219,css,b55d2e02,ChidiebereAgunanne,2026-05-08,16:34:46,-07:00,2026-05-08T16:34:46-07:00,1,18
style.css,220,css,b55d2e02,ChidiebereAgunanne,2026-05-08,16:34:46,-07:00,2026-05-08T16:34:46-07:00,1,18
style.css,221,css,b55d2e02,ChidiebereAgunanne,2026-05-08,16:34:46,-07:00,2026-05-08T16:34:46-07:00,0,0
style.css,222,css,b55d2e02,ChidiebereAgunanne,2026-05-08,16:34:46,-07:00,2026-05-08T16:34:46-07:00,1,9
style.css,223,css,b55d2e02,ChidiebereAgunanne,2026-05-08,16:34:46,-07:00,2026-05-08T16:34:46-07:00,2,29
style.css,224,css,b55d2e02,ChidiebereAgunanne,2026-05-08,16:34:46,-07:00,2026-05-08T16:34:46-07:00,0,0
style.css,225,css,b55d2e02,ChidiebereAgunanne,2026-05-08,16:34:46,-07:00,2026-05-08T16:34:46-07:00,1,36
style.css,226,css,b55d2e02,ChidiebereAgunanne,2026-05-08,16:34:46,-07:00,2026-05-08T16:34:46-07:00,0,0
style.css,227,css,b55d2e02,ChidiebereAgunanne,2026-05-08,16:34:46,-07:00,2026-05-08T16:34:46-07:00,1,19
style.css,228,css,b55d2e02,ChidiebereAgunanne,2026-05-08,16:34:46,-07:00,2026-05-08T16:34:46-07:00,0,0
style.css,229,css,b55d2e02,ChidiebereAgunanne,2026-05-08,16:34:46,-07:00,2026-05-08T16:34:46-07:00,1,16
style.css,230,css,b55d2e02,ChidiebereAgunanne,2026-05-08,16:34:46,-07:00,2026-05-08T16:34:46-07:00,1,10
style.css,231,css,b55d2e02,ChidiebereAgunanne,2026-05-08,16:34:46,-07:00,2026-05-08T16:34:46-07:00,0,0
style.css,232,css,b55d2e02,ChidiebereAgunanne,2026-05-08,16:34:46,-07:00,2026-05-08T16:34:46-07:00,0,0
style.css,233,css,b55d2e02,ChidiebereAgunanne,2026-05-08,16:34:46,-07:00,2026-05-08T16:34:46-07:00,0,7
style.css,234,css,b55d2e02,ChidiebereAgunanne,2026-05-08,16:34:46,-07:00,2026-05-08T16:34:46-07:00,1,12
style.css,235,css,b55d2e02,ChidiebereAgunanne,2026-05-08,16:34:46,-07:00,2026-05-08T16:34:46-07:00,1,30
style.css,236,css,b55d2e02,ChidiebereAgunanne,2026-05-08,16:34:46,-07:00,2026-05-08T16:34:46-07:00,1,17
style.css,237,css,b55d2e02,ChidiebereAgunanne,2026-05-08,16:34:46,-07:00,2026-05-08T16:34:46-07:00,1,8
style.css,238,css,b55d2e02,ChidiebereAgunanne,2026-05-08,16:34:46,-07:00,2026-05-08T16:34:46-07:00,1,25
style.css,239,css,b55d2e02,ChidiebereAgunanne,2026-05-08,16:34:46,-07:00,2026-05-08T16:34:46-07:00,1,39
style.css,240,css,b55d2e02,ChidiebereAgunanne,2026-05-08,16:34:46,-07:00,2026-05-08T16:34:46-07:00,0,0
style.css,241,css,b55d2e02,ChidiebereAgunanne,2026-05-08,16:34:46,-07:00,2026-05-08T16:34:46-07:00,0,0
style.css,242,css,b55d2e02,ChidiebereAgunanne,2026-05-08,16:34:46,-07:00,2026-05-08T16:34:46-07:00,0,42
style.css,243,css,b55d2e02,ChidiebereAgunanne,2026-05-08,16:34:46,-07:00,2026-05-08T16:34:46-07:00,1,9
style.css,244,css,b55d2e02,ChidiebereAgunanne,2026-05-08,16:34:46,-07:00,2026-05-08T16:34:46-07:00,1,17
style.css,245,css,b55d2e02,ChidiebereAgunanne,2026-05-08,16:34:46,-07:00,2026-05-08T16:34:46-07:00,0,0
style.css,246,css,b55d2e02,ChidiebereAgunanne,2026-05-08,16:34:46,-07:00,2026-05-08T16:34:46-07:00,0,0
style.css,247,css,b55d2e02,ChidiebereAgunanne,2026-05-08,16:34:46,-07:00,2026-05-08T16:34:46-07:00,0,9
style.css,248,css,b55d2e02,ChidiebereAgunanne,2026-05-08,16:34:46,-07:00,2026-05-08T16:34:46-07:00,0,10
style.css,249,css,b55d2e02,ChidiebereAgunanne,2026-05-08,16:34:46,-07:00,2026-05-08T16:34:46-07:00,1,8
style.css,250,css,b55d2e02,ChidiebereAgunanne,2026-05-08,16:34:46,-07:00,2026-05-08T16:34:46-07:00,0,0
style.css,251,css,b55d2e02,ChidiebereAgunanne,2026-05-08,16:34:46,-07:00,2026-05-08T16:34:46-07:00,0,0
style.css,252,css,b55d2e02,ChidiebereAgunanne,2026-05-08,16:34:46,-07:00,2026-05-08T16:34:46-07:00,0,10
style.css,253,css,b55d2e02,ChidiebereAgunanne,2026-05-08,16:34:46,-07:00,2026-05-08T16:34:46-07:00,1,10
style.css,254,css,b55d2e02,ChidiebereAgunanne,2026-05-08,16:34:46,-07:00,2026-05-08T16:34:46-07:00,1,15
style.css,255,css,b55d2e02,ChidiebereAgunanne,2026-05-08,16:34:46,-07:00,2026-05-08T16:34:46-07:00,0,0
style.css,256,css,b55d2e02,ChidiebereAgunanne,2026-05-08,16:34:46,-07:00,2026-05-08T16:34:46-07:00,0,0
style.css,257,css,b55d2e02,ChidiebereAgunanne,2026-05-08,16:34:46,-07:00,2026-05-08T16:34:46-07:00,0,10
style.css,258,css,b55d2e02,ChidiebereAgunanne,2026-05-08,16:34:46,-07:00,2026-05-08T16:34:46-07:00,1,15
style.css,259,css,b55d2e02,ChidiebereAgunanne,2026-05-08,16:34:46,-07:00,2026-05-08T16:34:46-07:00,0,0
style.css,260,css,b55d2e02,ChidiebereAgunanne,2026-05-08,16:34:46,-07:00,2026-05-08T16:34:46-07:00,0,6
style.css,261,css,52979f03,ChidiebereAgunanne,2026-05-21,12:06:13,-07:00,2026-05-21T12:06:13-07:00,1,46
style.css,262,css,b55d2e02,ChidiebereAgunanne,2026-05-08,16:34:46,-07:00,2026-05-08T16:34:46-07:00,1,23
style.css,263,css,b55d2e02,ChidiebereAgunanne,2026-05-08,16:34:46,-07:00,2026-05-08T16:34:46-07:00,1,22
style.css,264,css,b55d2e02,ChidiebereAgunanne,2026-05-08,16:34:46,-07:00,2026-05-08T16:34:46-07:00,0,0
style.css,265,css,b55d2e02,ChidiebereAgunanne,2026-05-08,16:34:46,-07:00,2026-05-08T16:34:46-07:00,0,0
style.css,266,css,52979f03,ChidiebereAgunanne,2026-05-21,12:06:13,-07:00,2026-05-21T12:06:13-07:00,0,15
style.css,267,css,52979f03,ChidiebereAgunanne,2026-05-21,12:06:13,-07:00,2026-05-21T12:06:13-07:00,1,6
style.css,268,css,52979f03,ChidiebereAgunanne,2026-05-21,12:06:13,-07:00,2026-05-21T12:06:13-07:00,2,3
style.css,269,css,52979f03,ChidiebereAgunanne,2026-05-21,12:06:13,-07:00,2026-05-21T12:06:13-07:00,1,0
style.css,270,css,52979f03,ChidiebereAgunanne,2026-05-21,12:06:13,-07:00,2026-05-21T12:06:13-07:00,0,0
style.css,271,css,52979f03,ChidiebereAgunanne,2026-05-21,12:06:13,-07:00,2026-05-21T12:06:13-07:00,0,0
style.css,272,css,b55d2e02,ChidiebereAgunanne,2026-05-08,16:34:46,-07:00,2026-05-08T16:34:46-07:00,0,12
style.css,273,css,b55d2e02,ChidiebereAgunanne,2026-05-08,16:34:46,-07:00,2026-05-08T16:34:46-07:00,1,20
style.css,274,css,b55d2e02,ChidiebereAgunanne,2026-05-08,16:34:46,-07:00,2026-05-08T16:34:46-07:00,0,0
style.css,275,css,b55d2e02,ChidiebereAgunanne,2026-05-08,16:34:46,-07:00,2026-05-08T16:34:46-07:00,0,0
style.css,276,css,b55d2e02,ChidiebereAgunanne,2026-05-08,16:34:46,-07:00,2026-05-08T16:34:46-07:00,0,24
style.css,277,css,b55d2e02,ChidiebereAgunanne,2026-05-08,16:34:46,-07:00,2026-05-08T16:34:46-07:00,1,2
style.css,278,css,b55d2e02,ChidiebereAgunanne,2026-05-08,16:34:46,-07:00,2026-05-08T16:34:46-07:00,2,32
style.css,279,css,b55d2e02,ChidiebereAgunanne,2026-05-08,16:34:46,-07:00,2026-05-08T16:34:46-07:00,1,0
style.css,280,css,b55d2e02,ChidiebereAgunanne,2026-05-08,16:34:46,-07:00,2026-05-08T16:34:46-07:00,0,0
style.css,281,css,b55d2e02,ChidiebereAgunanne,2026-05-08,16:34:46,-07:00,2026-05-08T16:34:46-07:00,0,0
style.css,282,css,b55d2e02,ChidiebereAgunanne,2026-05-08,16:34:46,-07:00,2026-05-08T16:34:46-07:00,0,10
style.css,283,css,b55d2e02,ChidiebereAgunanne,2026-05-08,16:34:46,-07:00,2026-05-08T16:34:46-07:00,1,16
style.css,284,css,b55d2e02,ChidiebereAgunanne,2026-05-08,16:34:46,-07:00,2026-05-08T16:34:46-07:00,1,12
style.css,285,css,b55d2e02,ChidiebereAgunanne,2026-05-08,16:34:46,-07:00,2026-05-08T16:34:46-07:00,1,18
style.css,286,css,b55d2e02,ChidiebereAgunanne,2026-05-08,16:34:46,-07:00,2026-05-08T16:34:46-07:00,1,20
style.css,287,css,b55d2e02,ChidiebereAgunanne,2026-05-08,16:34:46,-07:00,2026-05-08T16:34:46-07:00,1,42
style.css,288,css,b55d2e02,ChidiebereAgunanne,2026-05-08,16:34:46,-07:00,2026-05-08T16:34:46-07:00,0,0
style.css,289,css,b55d2e02,ChidiebereAgunanne,2026-05-08,16:34:46,-07:00,2026-05-08T16:34:46-07:00,0,0
style.css,290,css,b55d2e02,ChidiebereAgunanne,2026-05-08,16:34:46,-07:00,2026-05-08T16:34:46-07:00,0,15
style.css,291,css,b55d2e02,ChidiebereAgunanne,2026-05-08,16:34:46,-07:00,2026-05-08T16:34:46-07:00,1,12
style.css,292,css,b55d2e02,ChidiebereAgunanne,2026-05-08,16:34:46,-07:00,2026-05-08T16:34:46-07:00,0,0
style.css,293,css,b55d2e02,ChidiebereAgunanne,2026-05-08,16:34:46,-07:00,2026-05-08T16:34:46-07:00,0,19
style.css,294,css,b55d2e02,ChidiebereAgunanne,2026-05-08,16:34:46,-07:00,2026-05-08T16:34:46-07:00,1,10
style.css,295,css,b55d2e02,ChidiebereAgunanne,2026-05-08,16:34:46,-07:00,2026-05-08T16:34:46-07:00,2,4
style.css,296,css,b55d2e02,ChidiebereAgunanne,2026-05-08,16:34:46,-07:00,2026-05-08T16:34:46-07:00,2,8
style.css,297,css,b55d2e02,ChidiebereAgunanne,2026-05-08,16:34:46,-07:00,2026-05-08T16:34:46-07:00,2,9
style.css,298,css,b55d2e02,ChidiebereAgunanne,2026-05-08,16:34:46,-07:00,2026-05-08T16:34:46-07:00,0,0
style.css,299,css,b55d2e02,ChidiebereAgunanne,2026-05-08,16:34:46,-07:00,2026-05-08T16:34:46-07:00,1,17
style.css,300,css,b55d2e02,ChidiebereAgunanne,2026-05-08,16:34:46,-07:00,2026-05-08T16:34:46-07:00,1,15
style.css,301,css,b55d2e02,ChidiebereAgunanne,2026-05-08,16:34:46,-07:00,2026-05-08T16:34:46-07:00,0,0
style.css,302,css,b55d2e02,ChidiebereAgunanne,2026-05-08,16:34:46,-07:00,2026-05-08T16:34:46-07:00,0,22
style.css,303,css,b55d2e02,ChidiebereAgunanne,2026-05-08,16:34:46,-07:00,2026-05-08T16:34:46-07:00,1,24
style.css,304,css,52979f03,ChidiebereAgunanne,2026-05-21,12:06:13,-07:00,2026-05-21T12:06:13-07:00,0,0
style.css,305,css,52979f03,ChidiebereAgunanne,2026-05-21,12:06:13,-07:00,2026-05-21T12:06:13-07:00,0,0
style.css,306,css,52979f03,ChidiebereAgunanne,2026-05-21,12:06:13,-07:00,2026-05-21T12:06:13-07:00,0,16
style.css,307,css,52979f03,ChidiebereAgunanne,2026-05-21,12:06:13,-07:00,2026-05-21T12:06:13-07:00,1,6
style.css,308,css,52979f03,ChidiebereAgunanne,2026-05-21,12:06:13,-07:00,2026-05-21T12:06:13-07:00,1,20
style.css,309,css,52979f03,ChidiebereAgunanne,2026-05-21,12:06:13,-07:00,2026-05-21T12:06:13-07:00,0,0
style.css,310,css,52979f03,ChidiebereAgunanne,2026-05-21,12:06:13,-07:00,2026-05-21T12:06:13-07:00,0,21
style.css,311,css,52979f03,ChidiebereAgunanne,2026-05-21,12:06:13,-07:00,2026-05-21T12:06:13-07:00,1,16
style.css,312,css,52979f03,ChidiebereAgunanne,2026-05-21,12:06:13,-07:00,2026-05-21T12:06:13-07:00,0,0
style.css,313,css,52979f03,ChidiebereAgunanne,2026-05-21,12:06:13,-07:00,2026-05-21T12:06:13-07:00,0,12
style.css,314,css,52979f03,ChidiebereAgunanne,2026-05-21,12:06:13,-07:00,2026-05-21T12:06:13-07:00,1,14
style.css,315,css,52979f03,ChidiebereAgunanne,2026-05-21,12:06:13,-07:00,2026-05-21T12:06:13-07:00,0,0
style.css,316,css,52979f03,ChidiebereAgunanne,2026-05-21,12:06:13,-07:00,2026-05-21T12:06:13-07:00,0,0
style.css,317,css,52979f03,ChidiebereAgunanne,2026-05-21,12:06:13,-07:00,2026-05-21T12:06:13-07:00,0,6
style.css,318,css,52979f03,ChidiebereAgunanne,2026-05-21,12:06:13,-07:00,2026-05-21T12:06:13-07:00,1,12
style.css,319,css,52979f03,ChidiebereAgunanne,2026-05-21,12:06:13,-07:00,2026-05-21T12:06:13-07:00,1,29
style.css,320,css,52979f03,ChidiebereAgunanne,2026-05-21,12:06:13,-07:00,2026-05-21T12:06:13-07:00,1,18
style.css,321,css,52979f03,ChidiebereAgunanne,2026-05-21,12:06:13,-07:00,2026-05-21T12:06:13-07:00,0,0
style.css,322,css,52979f03,ChidiebereAgunanne,2026-05-21,12:06:13,-07:00,2026-05-21T12:06:13-07:00,1,5
style.css,323,css,52979f03,ChidiebereAgunanne,2026-05-21,12:06:13,-07:00,2026-05-21T12:06:13-07:00,2,18
style.css,324,css,52979f03,ChidiebereAgunanne,2026-05-21,12:06:13,-07:00,2026-05-21T12:06:13-07:00,2,12
style.css,325,css,52979f03,ChidiebereAgunanne,2026-05-21,12:06:13,-07:00,2026-05-21T12:06:13-07:00,2,29
style.css,326,css,52979f03,ChidiebereAgunanne,2026-05-21,12:06:13,-07:00,2026-05-21T12:06:13-07:00,1,0
style.css,327,css,52979f03,ChidiebereAgunanne,2026-05-21,12:06:13,-07:00,2026-05-21T12:06:13-07:00,0,0
style.css,328,css,52979f03,ChidiebereAgunanne,2026-05-21,12:06:13,-07:00,2026-05-21T12:06:13-07:00,1,2
style.css,329,css,52979f03,ChidiebereAgunanne,2026-05-21,12:06:13,-07:00,2026-05-21T12:06:13-07:00,2,13
style.css,330,css,52979f03,ChidiebereAgunanne,2026-05-21,12:06:13,-07:00,2026-05-21T12:06:13-07:00,1,0
style.css,331,css,52979f03,ChidiebereAgunanne,2026-05-21,12:06:13,-07:00,2026-05-21T12:06:13-07:00,0,0
style.css,332,css,52979f03,ChidiebereAgunanne,2026-05-21,12:06:13,-07:00,2026-05-21T12:06:13-07:00,1,2
style.css,333,css,52979f03,ChidiebereAgunanne,2026-05-21,12:06:13,-07:00,2026-05-21T12:06:13-07:00,2,13
style.css,334,css,52979f03,ChidiebereAgunanne,2026-05-21,12:06:13,-07:00,2026-05-21T12:06:13-07:00,2,14
style.css,335,css,52979f03,ChidiebereAgunanne,2026-05-21,12:06:13,-07:00,2026-05-21T12:06:13-07:00,2,13
style.css,336,css,52979f03,ChidiebereAgunanne,2026-05-21,12:06:13,-07:00,2026-05-21T12:06:13-07:00,1,0
style.css,337,css,52979f03,ChidiebereAgunanne,2026-05-21,12:06:13,-07:00,2026-05-21T12:06:13-07:00,0,0
style.css,338,css,52979f03,ChidiebereAgunanne,2026-05-21,12:06:13,-07:00,2026-05-21T12:06:13-07:00,0,0
style.css,339,css,52979f03,ChidiebereAgunanne,2026-05-21,12:06:13,-07:00,2026-05-21T12:06:13-07:00,0,11
style.css,340,css,52979f03,ChidiebereAgunanne,2026-05-21,12:06:13,-07:00,2026-05-21T12:06:13-07:00,1,12
style.css,341,css,52979f03,ChidiebereAgunanne,2026-05-21,12:06:13,-07:00,2026-05-21T12:06:13-07:00,1,29
style.css,342,css,52979f03,ChidiebereAgunanne,2026-05-21,12:06:13,-07:00,2026-05-21T12:06:13-07:00,0,0
style.css,343,css,52979f03,ChidiebereAgunanne,2026-05-21,12:06:13,-07:00,2026-05-21T12:06:13-07:00,0,0
style.css,344,css,52979f03,ChidiebereAgunanne,2026-05-21,12:06:13,-07:00,2026-05-21T12:06:13-07:00,0,14
style.css,345,css,52979f03,ChidiebereAgunanne,2026-05-21,12:06:13,-07:00,2026-05-21T12:06:13-07:00,1,16
style.css,346,css,52979f03,ChidiebereAgunanne,2026-05-21,12:06:13,-07:00,2026-05-21T12:06:13-07:00,1,15
style.css,347,css,52979f03,ChidiebereAgunanne,2026-05-21,12:06:13,-07:00,2026-05-21T12:06:13-07:00,1,25
style.css,348,css,52979f03,ChidiebereAgunanne,2026-05-21,12:06:13,-07:00,2026-05-21T12:06:13-07:00,0,0
style.css,349,css,52979f03,ChidiebereAgunanne,2026-05-21,12:06:13,-07:00,2026-05-21T12:06:13-07:00,0,4
style.css,350,css,52979f03,ChidiebereAgunanne,2026-05-21,12:06:13,-07:00,2026-05-21T12:06:13-07:00,1,12
style.css,351,css,52979f03,ChidiebereAgunanne,2026-05-21,12:06:13,-07:00,2026-05-21T12:06:13-07:00,1,11
style.css,352,css,52979f03,ChidiebereAgunanne,2026-05-21,12:06:13,-07:00,2026-05-21T12:06:13-07:00,1,14
style.css,353,css,52979f03,ChidiebereAgunanne,2026-05-21,12:06:13,-07:00,2026-05-21T12:06:13-07:00,1,23
style.css,354,css,52979f03,ChidiebereAgunanne,2026-05-21,12:06:13,-07:00,2026-05-21T12:06:13-07:00,1,17
style.css,355,css,52979f03,ChidiebereAgunanne,2026-05-21,12:06:13,-07:00,2026-05-21T12:06:13-07:00,0,0
style.css,356,css,52979f03,ChidiebereAgunanne,2026-05-21,12:06:13,-07:00,2026-05-21T12:06:13-07:00,0,0
style.css,357,css,52979f03,ChidiebereAgunanne,2026-05-21,12:06:13,-07:00,2026-05-21T12:06:13-07:00,0,9
style.css,358,css,52979f03,ChidiebereAgunanne,2026-05-21,12:06:13,-07:00,2026-05-21T12:06:13-07:00,1,13
style.css,359,css,52979f03,ChidiebereAgunanne,2026-05-21,12:06:13,-07:00,2026-05-21T12:06:13-07:00,1,12
style.css,360,css,52979f03,ChidiebereAgunanne,2026-05-21,12:06:13,-07:00,2026-05-21T12:06:13-07:00,1,14
style.css,361,css,52979f03,ChidiebereAgunanne,2026-05-21,12:06:13,-07:00,2026-05-21T12:06:13-07:00,1,17
style.css,362,css,52979f03,ChidiebereAgunanne,2026-05-21,12:06:13,-07:00,2026-05-21T12:06:13-07:00,1,19
style.css,363,css,52979f03,ChidiebereAgunanne,2026-05-21,12:06:13,-07:00,2026-05-21T12:06:13-07:00,1,10
style.css,364,css,52979f03,ChidiebereAgunanne,2026-05-21,12:06:13,-07:00,2026-05-21T12:06:13-07:00,1,17
style.css,365,css,52979f03,ChidiebereAgunanne,2026-05-21,12:06:13,-07:00,2026-05-21T12:06:13-07:00,1,13
style.css,366,css,52979f03,ChidiebereAgunanne,2026-05-21,12:06:13,-07:00,2026-05-21T12:06:13-07:00,0,0
style.css,367,css,52979f03,ChidiebereAgunanne,2026-05-21,12:06:13,-07:00,2026-05-21T12:06:13-07:00,0,0
style.css,368,css,52979f03,ChidiebereAgunanne,2026-05-21,12:06:13,-07:00,2026-05-21T12:06:13-07:00,0,12
style.css,369,css,52979f03,ChidiebereAgunanne,2026-05-21,12:06:13,-07:00,2026-05-21T12:06:13-07:00,1,13
style.css,370,css,52979f03,ChidiebereAgunanne,2026-05-21,12:06:13,-07:00,2026-05-21T12:06:13-07:00,1,11
style.css,371,css,52979f03,ChidiebereAgunanne,2026-05-21,12:06:13,-07:00,2026-05-21T12:06:13-07:00,1,15
style.css,372,css,52979f03,ChidiebereAgunanne,2026-05-21,12:06:13,-07:00,2026-05-21T12:06:13-07:00,0,0
style.css,373,css,52979f03,ChidiebereAgunanne,2026-05-21,12:06:13,-07:00,2026-05-21T12:06:13-07:00,0,0
style.css,374,css,d148af7c,ChidiebereAgunanne,2026-05-22,15:39:06,-07:00,2026-05-22T15:39:06-07:00,0,10
style.css,375,css,d148af7c,ChidiebereAgunanne,2026-05-22,15:39:06,-07:00,2026-05-22T15:39:06-07:00,1,17
style.css,376,css,d148af7c,ChidiebereAgunanne,2026-05-22,15:39:06,-07:00,2026-05-22T15:39:06-07:00,1,12
style.css,377,css,d148af7c,ChidiebereAgunanne,2026-05-22,15:39:06,-07:00,2026-05-22T15:39:06-07:00,1,8
style.css,378,css,d148af7c,ChidiebereAgunanne,2026-05-22,15:39:06,-07:00,2026-05-22T15:39:06-07:00,1,22
style.css,379,css,d148af7c,ChidiebereAgunanne,2026-05-22,15:39:06,-07:00,2026-05-22T15:39:06-07:00,0,0
style.css,380,css,d148af7c,ChidiebereAgunanne,2026-05-22,15:39:06,-07:00,2026-05-22T15:39:06-07:00,1,3
style.css,381,css,d148af7c,ChidiebereAgunanne,2026-05-22,15:39:06,-07:00,2026-05-22T15:39:06-07:00,2,6
style.css,382,css,d148af7c,ChidiebereAgunanne,2026-05-22,15:39:06,-07:00,2026-05-22T15:39:06-07:00,1,0
style.css,383,css,d148af7c,ChidiebereAgunanne,2026-05-22,15:39:06,-07:00,2026-05-22T15:39:06-07:00,0,0
style.css,384,css,d148af7c,ChidiebereAgunanne,2026-05-22,15:39:06,-07:00,2026-05-22T15:39:06-07:00,0,0
style.css,385,css,d148af7c,ChidiebereAgunanne,2026-05-22,15:39:06,-07:00,2026-05-22T15:39:06-07:00,0,14
style.css,386,css,d148af7c,ChidiebereAgunanne,2026-05-22,15:39:06,-07:00,2026-05-22T15:39:06-07:00,1,17
style.css,387,css,d148af7c,ChidiebereAgunanne,2026-05-22,15:39:06,-07:00,2026-05-22T15:39:06-07:00,1,6
style.css,388,css,d148af7c,ChidiebereAgunanne,2026-05-22,15:39:06,-07:00,2026-05-22T15:39:06-07:00,1,16
style.css,389,css,d148af7c,ChidiebereAgunanne,2026-05-22,15:39:06,-07:00,2026-05-22T15:39:06-07:00,1,15
style.css,390,css,d148af7c,ChidiebereAgunanne,2026-05-22,15:39:06,-07:00,2026-05-22T15:39:06-07:00,1,18
style.css,391,css,d148af7c,ChidiebereAgunanne,2026-05-22,15:39:06,-07:00,2026-05-22T15:39:06-07:00,0,0
style.css,392,css,d148af7c,ChidiebereAgunanne,2026-05-22,15:39:06,-07:00,2026-05-22T15:39:06-07:00,0,0
style.css,393,css,d148af7c,ChidiebereAgunanne,2026-05-22,15:39:06,-07:00,2026-05-22T15:39:06-07:00,0,13
style.css,394,css,d148af7c,ChidiebereAgunanne,2026-05-22,15:39:06,-07:00,2026-05-22T15:39:06-07:00,1,15
style.css,395,css,d148af7c,ChidiebereAgunanne,2026-05-22,15:39:06,-07:00,2026-05-22T15:39:06-07:00,1,5
style.css,396,css,d148af7c,ChidiebereAgunanne,2026-05-22,15:39:06,-07:00,2026-05-22T15:39:06-07:00,1,6
style.css,397,css,d148af7c,ChidiebereAgunanne,2026-05-22,15:39:06,-07:00,2026-05-22T15:39:06-07:00,1,11
style.css,398,css,d148af7c,ChidiebereAgunanne,2026-05-22,15:39:06,-07:00,2026-05-22T15:39:06-07:00,1,12
style.css,399,css,d148af7c,ChidiebereAgunanne,2026-05-22,15:39:06,-07:00,2026-05-22T15:39:06-07:00,1,6
style.css,400,css,d148af7c,ChidiebereAgunanne,2026-05-22,15:39:06,-07:00,2026-05-22T15:39:06-07:00,0,0
style.css,401,css,d148af7c,ChidiebereAgunanne,2026-05-22,15:39:06,-07:00,2026-05-22T15:39:06-07:00,0,0
style.css,402,css,d148af7c,ChidiebereAgunanne,2026-05-22,15:39:06,-07:00,2026-05-22T15:39:06-07:00,0,5
style.css,403,css,d148af7c,ChidiebereAgunanne,2026-05-22,15:39:06,-07:00,2026-05-22T15:39:06-07:00,1,17
style.css,404,css,d148af7c,ChidiebereAgunanne,2026-05-22,15:39:06,-07:00,2026-05-22T15:39:06-07:00,0,0
index.js,1,js,c2420670,ChidiebereAgunanne,2026-04-21,18:51:13,-07:00,2026-04-21T18:51:13-07:00,0,70
index.js,2,js,000bf5d5,ChidiebereAgunanne,2026-04-19,14:18:38,-07:00,2026-04-19T14:18:38-07:00,0,54
index.js,3,js,000bf5d5,ChidiebereAgunanne,2026-04-19,14:18:38,-07:00,2026-04-19T14:18:38-07:00,0,42
index.js,4,js,000bf5d5,ChidiebereAgunanne,2026-04-19,14:18:38,-07:00,2026-04-19T14:18:38-07:00,0,60
index.js,5,js,000bf5d5,ChidiebereAgunanne,2026-04-19,14:18:38,-07:00,2026-04-19T14:18:38-07:00,0,54
index.js,6,js,000bf5d5,ChidiebereAgunanne,2026-04-19,14:18:38,-07:00,2026-04-19T14:18:38-07:00,0,61
index.js,7,js,000bf5d5,ChidiebereAgunanne,2026-04-19,14:18:38,-07:00,2026-04-19T14:18:38-07:00,0,60
index.js,8,js,000bf5d5,ChidiebereAgunanne,2026-04-19,14:18:38,-07:00,2026-04-19T14:18:38-07:00,0,17
index.js,9,js,000bf5d5,ChidiebereAgunanne,2026-04-19,14:18:38,-07:00,2026-04-19T14:18:38-07:00,2,24
index.js,10,js,000bf5d5,ChidiebereAgunanne,2026-04-19,14:18:38,-07:00,2026-04-19T14:18:38-07:00,4,2
index.js,11,js,000bf5d5,ChidiebereAgunanne,2026-04-19,14:18:38,-07:00,2026-04-19T14:18:38-07:00,5,55
index.js,12,js,000bf5d5,ChidiebereAgunanne,2026-04-19,14:18:38,-07:00,2026-04-19T14:18:38-07:00,5,55
index.js,13,js,000bf5d5,ChidiebereAgunanne,2026-04-19,14:18:38,-07:00,2026-04-19T14:18:38-07:00,5,49
index.js,14,js,000bf5d5,ChidiebereAgunanne,2026-04-19,14:18:38,-07:00,2026-04-19T14:18:38-07:00,5,49
index.js,15,js,000bf5d5,ChidiebereAgunanne,2026-04-19,14:18:38,-07:00,2026-04-19T14:18:38-07:00,5,82
index.js,16,js,000bf5d5,ChidiebereAgunanne,2026-04-19,14:18:38,-07:00,2026-04-19T14:18:38-07:00,4,3
index.js,17,js,000bf5d5,ChidiebereAgunanne,2026-04-19,14:18:38,-07:00,2026-04-19T14:18:38-07:00,2,0
index.js,18,js,000bf5d5,ChidiebereAgunanne,2026-04-19,14:18:38,-07:00,2026-04-19T14:18:38-07:00,0,0
index.html,1,html,36dc6609,ChidiebereAgunanne,2026-04-02,16:08:03,-07:00,2026-04-02T16:08:03-07:00,0,13
index.html,2,html,36dc6609,ChidiebereAgunanne,2026-04-02,16:08:03,-07:00,2026-04-02T16:08:03-07:00,0,14
index.html,3,html,36dc6609,ChidiebereAgunanne,2026-04-02,16:08:03,-07:00,2026-04-02T16:08:03-07:00,0,4
index.html,4,html,36dc6609,ChidiebereAgunanne,2026-04-02,16:08:03,-07:00,2026-04-02T16:08:03-07:00,2,20
index.html,5,html,36dc6609,ChidiebereAgunanne,2026-04-02,16:08:03,-07:00,2026-04-02T16:08:03-07:00,2,68
index.html,6,html,36dc6609,ChidiebereAgunanne,2026-04-02,16:08:03,-07:00,2026-04-02T16:08:03-07:00,2,61
index.html,7,html,62c72d2b,ChidiebereAgunanne,2026-04-07,17:23:53,-07:00,2026-04-07T17:23:53-07:00,2,38
index.html,8,html,c2420670,ChidiebereAgunanne,2026-04-21,18:51:13,-07:00,2026-04-21T18:51:13-07:00,2,46
index.html,9,html,ab1dd98f,ChidiebereAgunanne,2026-04-02,16:52:49,-07:00,2026-04-02T16:52:49-07:00,2,0
index.html,10,html,36dc6609,ChidiebereAgunanne,2026-04-02,16:08:03,-07:00,2026-04-02T16:08:03-07:00,0,5
index.html,11,html,36dc6609,ChidiebereAgunanne,2026-04-02,16:08:03,-07:00,2026-04-02T16:08:03-07:00,0,4
index.html,12,html,36dc6609,ChidiebereAgunanne,2026-04-02,16:08:03,-07:00,2026-04-02T16:08:03-07:00,2,26
index.html,13,html,e96f4e4e,ChidiebereAgunanne,2026-04-02,16:27:35,-07:00,2026-04-02T16:27:35-07:00,2,85
index.html,14,html,62c72d2b,ChidiebereAgunanne,2026-04-07,17:23:53,-07:00,2026-04-07T17:23:53-07:00,2,272
index.html,15,html,000bf5d5,ChidiebereAgunanne,2026-04-19,14:18:38,-07:00,2026-04-19T14:18:38-07:00,2,82
index.html,16,html,000bf5d5,ChidiebereAgunanne,2026-04-19,14:18:38,-07:00,2026-04-19T14:18:38-07:00,2,20
index.html,17,html,000bf5d5,ChidiebereAgunanne,2026-04-19,14:18:38,-07:00,2026-04-19T14:18:38-07:00,5,49
index.html,18,html,000bf5d5,ChidiebereAgunanne,2026-04-19,14:18:38,-07:00,2026-04-19T14:18:38-07:00,2,4
index.html,19,html,000bf5d5,ChidiebereAgunanne,2026-04-19,14:18:38,-07:00,2026-04-19T14:18:38-07:00,2,58
index.html,20,html,000bf5d5,ChidiebereAgunanne,2026-04-19,14:18:38,-07:00,2026-04-19T14:18:38-07:00,2,23
index.html,21,html,000bf5d5,ChidiebereAgunanne,2026-04-19,14:18:38,-07:00,2026-04-19T14:18:38-07:00,4,50
index.html,22,html,000bf5d5,ChidiebereAgunanne,2026-04-19,14:18:38,-07:00,2026-04-19T14:18:38-07:00,2,4
index.html,23,html,36dc6609,ChidiebereAgunanne,2026-04-02,16:08:03,-07:00,2026-04-02T16:08:03-07:00,0,5
index.html,24,html,36dc6609,ChidiebereAgunanne,2026-04-02,16:08:03,-07:00,2026-04-02T16:08:03-07:00,0,5
global.js,1,js,6c0fff36,ChidiebereAgunanne,2026-04-14,16:56:41,-07:00,2026-04-14T16:56:41-07:00,0,11
global.js,2,js,6c0fff36,ChidiebereAgunanne,2026-04-14,16:56:41,-07:00,2026-04-14T16:56:41-07:00,1,35
global.js,3,js,6c0fff36,ChidiebereAgunanne,2026-04-14,16:56:41,-07:00,2026-04-14T16:56:41-07:00,1,38
global.js,4,js,6c0fff36,ChidiebereAgunanne,2026-04-14,16:56:41,-07:00,2026-04-14T16:56:41-07:00,1,36
global.js,5,js,6c0fff36,ChidiebereAgunanne,2026-04-14,16:56:41,-07:00,2026-04-14T16:56:41-07:00,1,34
global.js,6,js,57a4cc8b,ChidiebereAgunanne,2026-05-06,13:48:55,-07:00,2026-05-06T13:48:55-07:00,1,30
global.js,7,js,6c0fff36,ChidiebereAgunanne,2026-04-14,16:56:41,-07:00,2026-04-14T16:56:41-07:00,1,63
global.js,8,js,6c0fff36,ChidiebereAgunanne,2026-04-14,16:56:41,-07:00,2026-04-14T16:56:41-07:00,0,0
global.js,9,js,6c0fff36,ChidiebereAgunanne,2026-04-14,16:56:41,-07:00,2026-04-14T16:56:41-07:00,0,15
global.js,10,js,6c0fff36,ChidiebereAgunanne,2026-04-14,16:56:41,-07:00,2026-04-14T16:56:41-07:00,1,70
global.js,11,js,6c0fff36,ChidiebereAgunanne,2026-04-14,16:56:41,-07:00,2026-04-14T16:56:41-07:00,2,3
global.js,12,js,6c0fff36,ChidiebereAgunanne,2026-04-14,16:56:41,-07:00,2026-04-14T16:56:41-07:00,2,14
global.js,13,js,6c0fff36,ChidiebereAgunanne,2026-04-14,16:56:41,-07:00,2026-04-14T16:56:41-07:00,0,38
global.js,14,js,6c0fff36,ChidiebereAgunanne,2026-04-14,16:56:41,-07:00,2026-04-14T16:56:41-07:00,0,25
global.js,15,js,6c0fff36,ChidiebereAgunanne,2026-04-14,16:56:41,-07:00,2026-04-14T16:56:41-07:00,0,20
global.js,16,js,6c0fff36,ChidiebereAgunanne,2026-04-14,16:56:41,-07:00,2026-04-14T16:56:41-07:00,1,14
global.js,17,js,6c0fff36,ChidiebereAgunanne,2026-04-14,16:56:41,-07:00,2026-04-14T16:56:41-07:00,1,18
global.js,18,js,6c0fff36,ChidiebereAgunanne,2026-04-14,16:56:41,-07:00,2026-04-14T16:56:41-07:00,1,52
global.js,19,js,6c0fff36,ChidiebereAgunanne,2026-04-14,16:56:41,-07:00,2026-04-14T16:56:41-07:00,1,34
global.js,20,js,6c0fff36,ChidiebereAgunanne,2026-04-14,16:56:41,-07:00,2026-04-14T16:56:41-07:00,1,11
global.js,21,js,6c0fff36,ChidiebereAgunanne,2026-04-14,16:56:41,-07:00,2026-04-14T16:56:41-07:00,1,20
global.js,22,js,6c0fff36,ChidiebereAgunanne,2026-04-14,16:56:41,-07:00,2026-04-14T16:56:41-07:00,1,17
global.js,23,js,6c0fff36,ChidiebereAgunanne,2026-04-14,16:56:41,-07:00,2026-04-14T16:56:41-07:00,2,8
global.js,24,js,6c0fff36,ChidiebereAgunanne,2026-04-14,16:56:41,-07:00,2026-04-14T16:56:41-07:00,2,58
global.js,25,js,6c0fff36,ChidiebereAgunanne,2026-04-14,16:56:41,-07:00,2026-04-14T16:56:41-07:00,1,0
global.js,26,js,6c0fff36,ChidiebereAgunanne,2026-04-14,16:56:41,-07:00,2026-04-14T16:56:41-07:00,1,13
global.js,27,js,6c0fff36,ChidiebereAgunanne,2026-04-14,16:56:41,-07:00,2026-04-14T16:56:41-07:00,2,18
global.js,28,js,6c0fff36,ChidiebereAgunanne,2026-04-14,16:56:41,-07:00,2026-04-14T16:56:41-07:00,1,0
global.js,29,js,6c0fff36,ChidiebereAgunanne,2026-04-14,16:56:41,-07:00,2026-04-14T16:56:41-07:00,1,12
global.js,30,js,6c0fff36,ChidiebereAgunanne,2026-04-14,16:56:41,-07:00,2026-04-14T16:56:41-07:00,0,0
global.js,31,js,6c0fff36,ChidiebereAgunanne,2026-04-14,16:56:41,-07:00,2026-04-14T16:56:41-07:00,0,31
global.js,32,js,6c0fff36,ChidiebereAgunanne,2026-04-14,16:56:41,-07:00,2026-04-14T16:56:41-07:00,1,11
global.js,33,js,6c0fff36,ChidiebereAgunanne,2026-04-14,16:56:41,-07:00,2026-04-14T16:56:41-07:00,1,0
global.js,34,js,6c0fff36,ChidiebereAgunanne,2026-04-14,16:56:41,-07:00,2026-04-14T16:56:41-07:00,0,26
global.js,35,js,6c0fff36,ChidiebereAgunanne,2026-04-14,16:56:41,-07:00,2026-04-14T16:56:41-07:00,0,4
global.js,36,js,6c0fff36,ChidiebereAgunanne,2026-04-14,16:56:41,-07:00,2026-04-14T16:56:41-07:00,0,6
global.js,37,js,6c0fff36,ChidiebereAgunanne,2026-04-14,16:56:41,-07:00,2026-04-14T16:56:41-07:00,0,43
global.js,38,js,6c0fff36,ChidiebereAgunanne,2026-04-14,16:56:41,-07:00,2026-04-14T16:56:41-07:00,6,34
global.js,39,js,6c0fff36,ChidiebereAgunanne,2026-04-14,16:56:41,-07:00,2026-04-14T16:56:41-07:00,6,32
global.js,40,js,6c0fff36,ChidiebereAgunanne,2026-04-14,16:56:41,-07:00,2026-04-14T16:56:41-07:00,0,7
global.js,41,js,6c0fff36,ChidiebereAgunanne,2026-04-14,16:56:41,-07:00,2026-04-14T16:56:41-07:00,0,8
global.js,42,js,6c0fff36,ChidiebereAgunanne,2026-04-14,16:56:41,-07:00,2026-04-14T16:56:41-07:00,0,0
global.js,43,js,6c0fff36,ChidiebereAgunanne,2026-04-14,16:56:41,-07:00,2026-04-14T16:56:41-07:00,0,60
global.js,44,js,6c0fff36,ChidiebereAgunanne,2026-04-14,16:56:41,-07:00,2026-04-14T16:56:41-07:00,0,43
global.js,45,js,6c0fff36,ChidiebereAgunanne,2026-04-14,16:56:41,-07:00,2026-04-14T16:56:41-07:00,1,77
global.js,46,js,6c0fff36,ChidiebereAgunanne,2026-04-14,16:56:41,-07:00,2026-04-14T16:56:41-07:00,1,43
global.js,47,js,6c0fff36,ChidiebereAgunanne,2026-04-14,16:56:41,-07:00,2026-04-14T16:56:41-07:00,0,1
global.js,48,js,6c0fff36,ChidiebereAgunanne,2026-04-14,16:56:41,-07:00,2026-04-14T16:56:41-07:00,0,29
global.js,49,js,6c0fff36,ChidiebereAgunanne,2026-04-14,16:56:41,-07:00,2026-04-14T16:56:41-07:00,1,83
global.js,50,js,6c0fff36,ChidiebereAgunanne,2026-04-14,16:56:41,-07:00,2026-04-14T16:56:41-07:00,1,38
global.js,51,js,6c0fff36,ChidiebereAgunanne,2026-04-14,16:56:41,-07:00,2026-04-14T16:56:41-07:00,0,0
global.js,52,js,000bf5d5,ChidiebereAgunanne,2026-04-19,14:18:38,-07:00,2026-04-19T14:18:38-07:00,0,0
global.js,53,js,000bf5d5,ChidiebereAgunanne,2026-04-19,14:18:38,-07:00,2026-04-19T14:18:38-07:00,0,25
global.js,54,js,000bf5d5,ChidiebereAgunanne,2026-04-19,14:18:38,-07:00,2026-04-19T14:18:38-07:00,0,36
global.js,55,js,000bf5d5,ChidiebereAgunanne,2026-04-19,14:18:38,-07:00,2026-04-19T14:18:38-07:00,1,3
global.js,56,js,000bf5d5,ChidiebereAgunanne,2026-04-19,14:18:38,-07:00,2026-04-19T14:18:38-07:00,2,39
global.js,57,js,000bf5d5,ChidiebereAgunanne,2026-04-19,14:18:38,-07:00,2026-04-19T14:18:38-07:00,2,32
global.js,58,js,000bf5d5,ChidiebereAgunanne,2026-04-19,14:18:38,-07:00,2026-04-19T14:18:38-07:00,2,17
global.js,59,js,000bf5d5,ChidiebereAgunanne,2026-04-19,14:18:38,-07:00,2026-04-19T14:18:38-07:00,3,66
global.js,60,js,000bf5d5,ChidiebereAgunanne,2026-04-19,14:18:38,-07:00,2026-04-19T14:18:38-07:00,2,0
global.js,61,js,000bf5d5,ChidiebereAgunanne,2026-04-19,14:18:38,-07:00,2026-04-19T14:18:38-07:00,2,33
global.js,62,js,000bf5d5,ChidiebereAgunanne,2026-04-19,14:18:38,-07:00,2026-04-19T14:18:38-07:00,2,10
global.js,63,js,000bf5d5,ChidiebereAgunanne,2026-04-19,14:18:38,-07:00,2026-04-19T14:18:38-07:00,1,15
global.js,64,js,000bf5d5,ChidiebereAgunanne,2026-04-19,14:18:38,-07:00,2026-04-19T14:18:38-07:00,2,59
global.js,65,js,000bf5d5,ChidiebereAgunanne,2026-04-19,14:18:38,-07:00,2026-04-19T14:18:38-07:00,1,0
global.js,66,js,000bf5d5,ChidiebereAgunanne,2026-04-19,14:18:38,-07:00,2026-04-19T14:18:38-07:00,0,0
global.js,67,js,000bf5d5,ChidiebereAgunanne,2026-04-19,14:18:38,-07:00,2026-04-19T14:18:38-07:00,0,79
global.js,68,js,000bf5d5,ChidiebereAgunanne,2026-04-19,14:18:38,-07:00,2026-04-19T14:18:38-07:00,1,83
global.js,69,js,000bf5d5,ChidiebereAgunanne,2026-04-19,14:18:38,-07:00,2026-04-19T14:18:38-07:00,1,30
global.js,70,js,000bf5d5,ChidiebereAgunanne,2026-04-19,14:18:38,-07:00,2026-04-19T14:18:38-07:00,0,0
global.js,71,js,000bf5d5,ChidiebereAgunanne,2026-04-19,14:18:38,-07:00,2026-04-19T14:18:38-07:00,1,29
global.js,72,js,000bf5d5,ChidiebereAgunanne,2026-04-19,14:18:38,-07:00,2026-04-19T14:18:38-07:00,2,48
global.js,73,js,000bf5d5,ChidiebereAgunanne,2026-04-19,14:18:38,-07:00,2026-04-19T14:18:38-07:00,0,0
global.js,74,js,000bf5d5,ChidiebereAgunanne,2026-04-19,14:18:38,-07:00,2026-04-19T14:18:38-07:00,2,19
global.js,75,js,0b1e972c,ChidiebereAgunanne,2026-04-27,13:09:45,-07:00,2026-04-27T13:09:45-07:00,2,49
global.js,76,js,0b1e972c,ChidiebereAgunanne,2026-04-27,13:09:45,-07:00,2026-04-27T13:09:45-07:00,2,49
global.js,77,js,0b1e972c,ChidiebereAgunanne,2026-04-27,13:09:45,-07:00,2026-04-27T13:09:45-07:00,2,24
global.js,78,js,000bf5d5,ChidiebereAgunanne,2026-04-19,14:18:38,-07:00,2026-04-19T14:18:38-07:00,3,27
global.js,79,js,0b1e972c,ChidiebereAgunanne,2026-04-27,13:09:45,-07:00,2026-04-27T13:09:45-07:00,3,113
global.js,80,js,0b1e972c,ChidiebereAgunanne,2026-04-27,13:09:45,-07:00,2026-04-27T13:09:45-07:00,2,4
global.js,81,js,000bf5d5,ChidiebereAgunanne,2026-04-19,14:18:38,-07:00,2026-04-19T14:18:38-07:00,2,0
global.js,82,js,000bf5d5,ChidiebereAgunanne,2026-04-19,14:18:38,-07:00,2026-04-19T14:18:38-07:00,0,0
global.js,83,js,000bf5d5,ChidiebereAgunanne,2026-04-19,14:18:38,-07:00,2026-04-19T14:18:38-07:00,2,36
global.js,84,js,000bf5d5,ChidiebereAgunanne,2026-04-19,14:18:38,-07:00,2026-04-19T14:18:38-07:00,1,1
global.js,85,js,000bf5d5,ChidiebereAgunanne,2026-04-19,14:18:38,-07:00,2026-04-19T14:18:38-07:00,0,0
global.js,86,js,000bf5d5,ChidiebereAgunanne,2026-04-19,14:18:38,-07:00,2026-04-19T14:18:38-07:00,0,20
global.js,87,js,000bf5d5,ChidiebereAgunanne,2026-04-19,14:18:38,-07:00,2026-04-19T14:18:38-07:00,0,47
global.js,88,js,000bf5d5,ChidiebereAgunanne,2026-04-19,14:18:38,-07:00,2026-04-19T14:18:38-07:00,1,22
global.js,89,js,000bf5d5,ChidiebereAgunanne,2026-04-19,14:18:38,-07:00,2026-04-19T14:18:38-07:00,1,59
global.js,90,js,000bf5d5,ChidiebereAgunanne,2026-04-19,14:18:38,-07:00,2026-04-19T14:18:38-07:00,0,0
global.js,91,js,000bf5d5,ChidiebereAgunanne,2026-04-19,14:18:38,-07:00,2026-04-19T14:18:38-07:00,0,0
resume\index.html,1,html,79798c8a,ChidiebereAgunanne,2026-04-02,17:18:01,-07:00,2026-04-02T17:18:01-07:00,0,13
resume\index.html,2,html,79798c8a,ChidiebereAgunanne,2026-04-02,17:18:01,-07:00,2026-04-02T17:18:01-07:00,0,14
resume\index.html,3,html,79798c8a,ChidiebereAgunanne,2026-04-02,17:18:01,-07:00,2026-04-02T17:18:01-07:00,0,4
resume\index.html,4,html,79798c8a,ChidiebereAgunanne,2026-04-02,17:18:01,-07:00,2026-04-02T17:18:01-07:00,2,20
resume\index.html,5,html,79798c8a,ChidiebereAgunanne,2026-04-02,17:18:01,-07:00,2026-04-02T17:18:01-07:00,2,68
resume\index.html,6,html,79798c8a,ChidiebereAgunanne,2026-04-02,17:18:01,-07:00,2026-04-02T17:18:01-07:00,2,19
resume\index.html,7,html,62c72d2b,ChidiebereAgunanne,2026-04-07,17:23:53,-07:00,2026-04-07T17:23:53-07:00,2,41
resume\index.html,8,html,6c0fff36,ChidiebereAgunanne,2026-04-14,16:56:41,-07:00,2026-04-14T16:56:41-07:00,2,48
resume\index.html,9,html,79798c8a,ChidiebereAgunanne,2026-04-02,17:18:01,-07:00,2026-04-02T17:18:01-07:00,0,5
resume\index.html,10,html,79798c8a,ChidiebereAgunanne,2026-04-02,17:18:01,-07:00,2026-04-02T17:18:01-07:00,0,4
resume\index.html,11,html,6c0fff36,ChidiebereAgunanne,2026-04-14,16:56:41,-07:00,2026-04-14T16:56:41-07:00,2,0
resume\index.html,12,html,79798c8a,ChidiebereAgunanne,2026-04-02,17:18:01,-07:00,2026-04-02T17:18:01-07:00,2,16
resume\index.html,13,html,79798c8a,ChidiebereAgunanne,2026-04-02,17:18:01,-07:00,2026-04-02T17:18:01-07:00,2,1
resume\index.html,14,html,79798c8a,ChidiebereAgunanne,2026-04-02,17:18:01,-07:00,2026-04-02T17:18:01-07:00,2,12
resume\index.html,15,html,79798c8a,ChidiebereAgunanne,2026-04-02,17:18:01,-07:00,2026-04-02T17:18:01-07:00,2,78
resume\index.html,16,html,79798c8a,ChidiebereAgunanne,2026-04-02,17:18:01,-07:00,2026-04-02T17:18:01-07:00,2,92
resume\index.html,17,html,79798c8a,ChidiebereAgunanne,2026-04-02,17:18:01,-07:00,2026-04-02T17:18:01-07:00,2,72
resume\index.html,18,html,79798c8a,ChidiebereAgunanne,2026-04-02,17:18:01,-07:00,2026-04-02T17:18:01-07:00,0,2
resume\index.html,19,html,79798c8a,ChidiebereAgunanne,2026-04-02,17:18:01,-07:00,2026-04-02T17:18:01-07:00,0,0
resume\index.html,20,html,79798c8a,ChidiebereAgunanne,2026-04-02,17:18:01,-07:00,2026-04-02T17:18:01-07:00,0,16
resume\index.html,21,html,62c72d2b,ChidiebereAgunanne,2026-04-07,17:23:53,-07:00,2026-04-07T17:23:53-07:00,0,25
resume\index.html,22,html,79798c8a,ChidiebereAgunanne,2026-04-02,17:18:01,-07:00,2026-04-02T17:18:01-07:00,2,6
resume\index.html,23,html,79798c8a,ChidiebereAgunanne,2026-04-02,17:18:01,-07:00,2026-04-02T17:18:01-07:00,4,16
resume\index.html,24,html,79798c8a,ChidiebereAgunanne,2026-04-02,17:18:01,-07:00,2026-04-02T17:18:01-07:00,2,7
resume\index.html,25,html,79798c8a,ChidiebereAgunanne,2026-04-02,17:18:01,-07:00,2026-04-02T17:18:01-07:00,0,0
resume\index.html,26,html,62c72d2b,ChidiebereAgunanne,2026-04-07,17:23:53,-07:00,2026-04-07T17:23:53-07:00,2,30
resume\index.html,27,html,79798c8a,ChidiebereAgunanne,2026-04-02,17:18:01,-07:00,2026-04-02T17:18:01-07:00,4,42
resume\index.html,28,html,79798c8a,ChidiebereAgunanne,2026-04-02,17:18:01,-07:00,2026-04-02T17:18:01-07:00,4,40
resume\index.html,29,html,79798c8a,ChidiebereAgunanne,2026-04-02,17:18:01,-07:00,2026-04-02T17:18:01-07:00,4,1
resume\index.html,30,html,79798c8a,ChidiebereAgunanne,2026-04-02,17:18:01,-07:00,2026-04-02T17:18:01-07:00,6,44
resume\index.html,31,html,79798c8a,ChidiebereAgunanne,2026-04-02,17:18:01,-07:00,2026-04-02T17:18:01-07:00,4,2
resume\index.html,32,html,79798c8a,ChidiebereAgunanne,2026-04-02,17:18:01,-07:00,2026-04-02T17:18:01-07:00,2,8
resume\index.html,33,html,79798c8a,ChidiebereAgunanne,2026-04-02,17:18:01,-07:00,2026-04-02T17:18:01-07:00,0,8
resume\index.html,34,html,79798c8a,ChidiebereAgunanne,2026-04-02,17:18:01,-07:00,2026-04-02T17:18:01-07:00,0,0
resume\index.html,35,html,79798c8a,ChidiebereAgunanne,2026-04-02,17:18:01,-07:00,2026-04-02T17:18:01-07:00,0,17
resume\index.html,36,html,62c72d2b,ChidiebereAgunanne,2026-04-07,17:23:53,-07:00,2026-04-07T17:23:53-07:00,0,26
resume\index.html,37,html,79798c8a,ChidiebereAgunanne,2026-04-02,17:18:01,-07:00,2026-04-02T17:18:01-07:00,2,6
resume\index.html,38,html,79798c8a,ChidiebereAgunanne,2026-04-02,17:18:01,-07:00,2026-04-02T17:18:01-07:00,4,17
resume\index.html,39,html,79798c8a,ChidiebereAgunanne,2026-04-02,17:18:01,-07:00,2026-04-02T17:18:01-07:00,2,7
resume\index.html,40,html,79798c8a,ChidiebereAgunanne,2026-04-02,17:18:01,-07:00,2026-04-02T17:18:01-07:00,0,0
resume\index.html,41,html,79798c8a,ChidiebereAgunanne,2026-04-02,17:18:01,-07:00,2026-04-02T17:18:01-07:00,2,7
resume\index.html,42,html,79798c8a,ChidiebereAgunanne,2026-04-02,17:18:01,-07:00,2026-04-02T17:18:01-07:00,4,40
resume\index.html,43,html,79798c8a,ChidiebereAgunanne,2026-04-02,17:18:01,-07:00,2026-04-02T17:18:01-07:00,4,52
resume\index.html,44,html,79798c8a,ChidiebereAgunanne,2026-04-02,17:18:01,-07:00,2026-04-02T17:18:01-07:00,4,2
resume\index.html,45,html,79798c8a,ChidiebereAgunanne,2026-04-02,17:18:01,-07:00,2026-04-02T17:18:01-07:00,6,97
resume\index.html,46,html,79798c8a,ChidiebereAgunanne,2026-04-02,17:18:01,-07:00,2026-04-02T17:18:01-07:00,6,103
resume\index.html,47,html,79798c8a,ChidiebereAgunanne,2026-04-02,17:18:01,-07:00,2026-04-02T17:18:01-07:00,4,3
resume\index.html,48,html,79798c8a,ChidiebereAgunanne,2026-04-02,17:18:01,-07:00,2026-04-02T17:18:01-07:00,2,8
resume\index.html,49,html,79798c8a,ChidiebereAgunanne,2026-04-02,17:18:01,-07:00,2026-04-02T17:18:01-07:00,0,0
resume\index.html,50,html,79798c8a,ChidiebereAgunanne,2026-04-02,17:18:01,-07:00,2026-04-02T17:18:01-07:00,2,7
resume\index.html,51,html,79798c8a,ChidiebereAgunanne,2026-04-02,17:18:01,-07:00,2026-04-02T17:18:01-07:00,4,40
resume\index.html,52,html,79798c8a,ChidiebereAgunanne,2026-04-02,17:18:01,-07:00,2026-04-02T17:18:01-07:00,4,52
resume\index.html,53,html,79798c8a,ChidiebereAgunanne,2026-04-02,17:18:01,-07:00,2026-04-02T17:18:01-07:00,4,2
resume\index.html,54,html,79798c8a,ChidiebereAgunanne,2026-04-02,17:18:01,-07:00,2026-04-02T17:18:01-07:00,6,109
resume\index.html,55,html,79798c8a,ChidiebereAgunanne,2026-04-02,17:18:01,-07:00,2026-04-02T17:18:01-07:00,6,107
resume\index.html,56,html,79798c8a,ChidiebereAgunanne,2026-04-02,17:18:01,-07:00,2026-04-02T17:18:01-07:00,6,117
resume\index.html,57,html,79798c8a,ChidiebereAgunanne,2026-04-02,17:18:01,-07:00,2026-04-02T17:18:01-07:00,4,3
resume\index.html,58,html,79798c8a,ChidiebereAgunanne,2026-04-02,17:18:01,-07:00,2026-04-02T17:18:01-07:00,2,8
resume\index.html,59,html,79798c8a,ChidiebereAgunanne,2026-04-02,17:18:01,-07:00,2026-04-02T17:18:01-07:00,0,0
resume\index.html,60,html,79798c8a,ChidiebereAgunanne,2026-04-02,17:18:01,-07:00,2026-04-02T17:18:01-07:00,2,7
resume\index.html,61,html,79798c8a,ChidiebereAgunanne,2026-04-02,17:18:01,-07:00,2026-04-02T17:18:01-07:00,4,45
resume\index.html,62,html,79798c8a,ChidiebereAgunanne,2026-04-02,17:18:01,-07:00,2026-04-02T17:18:01-07:00,4,50
resume\index.html,63,html,79798c8a,ChidiebereAgunanne,2026-04-02,17:18:01,-07:00,2026-04-02T17:18:01-07:00,4,2
resume\index.html,64,html,79798c8a,ChidiebereAgunanne,2026-04-02,17:18:01,-07:00,2026-04-02T17:18:01-07:00,6,88
resume\index.html,65,html,79798c8a,ChidiebereAgunanne,2026-04-02,17:18:01,-07:00,2026-04-02T17:18:01-07:00,6,80
resume\index.html,66,html,79798c8a,ChidiebereAgunanne,2026-04-02,17:18:01,-07:00,2026-04-02T17:18:01-07:00,6,75
resume\index.html,67,html,79798c8a,ChidiebereAgunanne,2026-04-02,17:18:01,-07:00,2026-04-02T17:18:01-07:00,4,3
resume\index.html,68,html,79798c8a,ChidiebereAgunanne,2026-04-02,17:18:01,-07:00,2026-04-02T17:18:01-07:00,2,8
resume\index.html,69,html,79798c8a,ChidiebereAgunanne,2026-04-02,17:18:01,-07:00,2026-04-02T17:18:01-07:00,0,8
resume\index.html,70,html,79798c8a,ChidiebereAgunanne,2026-04-02,17:18:01,-07:00,2026-04-02T17:18:01-07:00,0,13
resume\index.html,71,html,79798c8a,ChidiebereAgunanne,2026-04-02,17:18:01,-07:00,2026-04-02T17:18:01-07:00,0,7
resume\index.html,72,html,79798c8a,ChidiebereAgunanne,2026-04-02,17:18:01,-07:00,2026-04-02T17:18:01-07:00,2,6
resume\index.html,73,html,79798c8a,ChidiebereAgunanne,2026-04-02,17:18:01,-07:00,2026-04-02T17:18:01-07:00,4,23
resume\index.html,74,html,79798c8a,ChidiebereAgunanne,2026-04-02,17:18:01,-07:00,2026-04-02T17:18:01-07:00,2,7
resume\index.html,75,html,79798c8a,ChidiebereAgunanne,2026-04-02,17:18:01,-07:00,2026-04-02T17:18:01-07:00,0,0
resume\index.html,76,html,79798c8a,ChidiebereAgunanne,2026-04-02,17:18:01,-07:00,2026-04-02T17:18:01-07:00,2,2
resume\index.html,77,html,79798c8a,ChidiebereAgunanne,2026-04-02,17:18:01,-07:00,2026-04-02T17:18:01-07:00,4,74
resume\index.html,78,html,79798c8a,ChidiebereAgunanne,2026-04-02,17:18:01,-07:00,2026-04-02T17:18:01-07:00,4,55
resume\index.html,79,html,79798c8a,ChidiebereAgunanne,2026-04-02,17:18:01,-07:00,2026-04-02T17:18:01-07:00,4,53
resume\index.html,80,html,79798c8a,ChidiebereAgunanne,2026-04-02,17:18:01,-07:00,2026-04-02T17:18:01-07:00,4,62
resume\index.html,81,html,79798c8a,ChidiebereAgunanne,2026-04-02,17:18:01,-07:00,2026-04-02T17:18:01-07:00,2,3
resume\index.html,82,html,79798c8a,ChidiebereAgunanne,2026-04-02,17:18:01,-07:00,2026-04-02T17:18:01-07:00,0,8
resume\index.html,83,html,79798c8a,ChidiebereAgunanne,2026-04-02,17:18:01,-07:00,2026-04-02T17:18:01-07:00,0,5
resume\index.html,84,html,79798c8a,ChidiebereAgunanne,2026-04-02,17:18:01,-07:00,2026-04-02T17:18:01-07:00,0,5
projects\projects.js,1,js,0b1e972c,ChidiebereAgunanne,2026-04-27,13:09:45,-07:00,2026-04-27T13:09:45-07:00,0,63
projects\projects.js,2,js,000bf5d5,ChidiebereAgunanne,2026-04-19,14:18:38,-07:00,2026-04-19T14:18:38-07:00,0,55
projects\projects.js,3,js,000bf5d5,ChidiebereAgunanne,2026-04-19,14:18:38,-07:00,2026-04-19T14:18:38-07:00,0,55
projects\projects.js,4,js,000bf5d5,ChidiebereAgunanne,2026-04-19,14:18:38,-07:00,2026-04-19T14:18:38-07:00,0,60
projects\projects.js,5,js,000bf5d5,ChidiebereAgunanne,2026-04-19,14:18:38,-07:00,2026-04-19T14:18:38-07:00,0,48
projects\projects.js,6,js,000bf5d5,ChidiebereAgunanne,2026-04-19,14:18:38,-07:00,2026-04-19T14:18:38-07:00,0,0
projects\projects.js,7,js,000bf5d5,ChidiebereAgunanne,2026-04-19,14:18:38,-07:00,2026-04-19T14:18:38-07:00,0,61
projects\projects.js,8,js,000bf5d5,ChidiebereAgunanne,2026-04-19,14:18:38,-07:00,2026-04-19T14:18:38-07:00,0,55
projects\projects.js,9,js,0b1e972c,ChidiebereAgunanne,2026-04-27,13:09:45,-07:00,2026-04-27T13:09:45-07:00,0,0
projects\projects.js,10,js,d4cbd43c,ChidiebereAgunanne,2026-04-28,19:55:08,-07:00,2026-04-28T19:55:08-07:00,0,13
projects\projects.js,11,js,355a1e4f,ChidiebereAgunanne,2026-04-29,11:42:05,-07:00,2026-04-29T11:42:05-07:00,0,21
projects\projects.js,12,js,d4cbd43c,ChidiebereAgunanne,2026-04-28,19:55:08,-07:00,2026-04-28T19:55:08-07:00,0,53
projects\projects.js,13,js,d4cbd43c,ChidiebereAgunanne,2026-04-28,19:55:08,-07:00,2026-04-28T19:55:08-07:00,0,38
projects\projects.js,14,js,d4cbd43c,ChidiebereAgunanne,2026-04-28,19:55:08,-07:00,2026-04-28T19:55:08-07:00,1,29
projects\projects.js,15,js,d4cbd43c,ChidiebereAgunanne,2026-04-28,19:55:08,-07:00,2026-04-28T19:55:08-07:00,2,12
projects\projects.js,16,js,d4cbd43c,ChidiebereAgunanne,2026-04-28,19:55:08,-07:00,2026-04-28T19:55:08-07:00,2,14
projects\projects.js,17,js,d4cbd43c,ChidiebereAgunanne,2026-04-28,19:55:08,-07:00,2026-04-28T19:55:08-07:00,2,12
projects\projects.js,18,js,d4cbd43c,ChidiebereAgunanne,2026-04-28,19:55:08,-07:00,2026-04-28T19:55:08-07:00,1,0
projects\projects.js,19,js,d4cbd43c,ChidiebereAgunanne,2026-04-28,19:55:08,-07:00,2026-04-28T19:55:08-07:00,1,50
projects\projects.js,20,js,d4cbd43c,ChidiebereAgunanne,2026-04-28,19:55:08,-07:00,2026-04-28T19:55:08-07:00,2,35
projects\projects.js,21,js,d4cbd43c,ChidiebereAgunanne,2026-04-28,19:55:08,-07:00,2026-04-28T19:55:08-07:00,1,1
projects\projects.js,22,js,d4cbd43c,ChidiebereAgunanne,2026-04-28,19:55:08,-07:00,2026-04-28T19:55:08-07:00,1,40
projects\projects.js,23,js,0b1e972c,ChidiebereAgunanne,2026-04-27,13:09:45,-07:00,2026-04-27T13:09:45-07:00,0,0
projects\projects.js,24,js,355a1e4f,ChidiebereAgunanne,2026-04-29,11:42:05,-07:00,2026-04-29T11:42:05-07:00,1,60
projects\projects.js,25,js,d4cbd43c,ChidiebereAgunanne,2026-04-28,19:55:08,-07:00,2026-04-28T19:55:08-07:00,1,53
projects\projects.js,26,js,d4cbd43c,ChidiebereAgunanne,2026-04-28,19:55:08,-07:00,2026-04-28T19:55:08-07:00,1,42
projects\projects.js,27,js,355a1e4f,ChidiebereAgunanne,2026-04-29,11:42:05,-07:00,2026-04-29T11:42:05-07:00,1,54
projects\projects.js,28,js,d4cbd43c,ChidiebereAgunanne,2026-04-28,19:55:08,-07:00,2026-04-28T19:55:08-07:00,0,0
projects\projects.js,29,js,355a1e4f,ChidiebereAgunanne,2026-04-29,11:42:05,-07:00,2026-04-29T11:42:05-07:00,1,25
projects\projects.js,30,js,355a1e4f,ChidiebereAgunanne,2026-04-29,11:42:05,-07:00,2026-04-29T11:42:05-07:00,1,29
projects\projects.js,31,js,d4cbd43c,ChidiebereAgunanne,2026-04-28,19:55:08,-07:00,2026-04-28T19:55:08-07:00,1,44
projects\projects.js,32,js,d4cbd43c,ChidiebereAgunanne,2026-04-28,19:55:08,-07:00,2026-04-28T19:55:08-07:00,0,0
projects\projects.js,33,js,d4cbd43c,ChidiebereAgunanne,2026-04-28,19:55:08,-07:00,2026-04-28T19:55:08-07:00,1,47
projects\projects.js,34,js,355a1e4f,ChidiebereAgunanne,2026-04-29,11:42:05,-07:00,2026-04-29T11:42:05-07:00,1,27
projects\projects.js,35,js,355a1e4f,ChidiebereAgunanne,2026-04-29,11:42:05,-07:00,2026-04-29T11:42:05-07:00,2,1
projects\projects.js,36,js,355a1e4f,ChidiebereAgunanne,2026-04-29,11:42:05,-07:00,2026-04-29T11:42:05-07:00,3,13
projects\projects.js,37,js,355a1e4f,ChidiebereAgunanne,2026-04-29,11:42:05,-07:00,2026-04-29T11:42:05-07:00,3,13
projects\projects.js,38,js,355a1e4f,ChidiebereAgunanne,2026-04-29,11:42:05,-07:00,2026-04-29T11:42:05-07:00,3,22
projects\projects.js,39,js,355a1e4f,ChidiebereAgunanne,2026-04-29,11:42:05,-07:00,2026-04-29T11:42:05-07:00,3,51
projects\projects.js,40,js,355a1e4f,ChidiebereAgunanne,2026-04-29,11:42:05,-07:00,2026-04-29T11:42:05-07:00,3,18
projects\projects.js,41,js,355a1e4f,ChidiebereAgunanne,2026-04-29,11:42:05,-07:00,2026-04-29T11:42:05-07:00,4,43
projects\projects.js,42,js,355a1e4f,ChidiebereAgunanne,2026-04-29,11:42:05,-07:00,2026-04-29T11:42:05-07:00,4,1
projects\projects.js,43,js,355a1e4f,ChidiebereAgunanne,2026-04-29,11:42:05,-07:00,2026-04-29T11:42:05-07:00,5,16
projects\projects.js,44,js,355a1e4f,ChidiebereAgunanne,2026-04-29,11:42:05,-07:00,2026-04-29T11:42:05-07:00,5,66
projects\projects.js,45,js,355a1e4f,ChidiebereAgunanne,2026-04-29,11:42:05,-07:00,2026-04-29T11:42:05-07:00,0,0
projects\projects.js,46,js,355a1e4f,ChidiebereAgunanne,2026-04-29,11:42:05,-07:00,2026-04-29T11:42:05-07:00,4,4
projects\projects.js,47,js,355a1e4f,ChidiebereAgunanne,2026-04-29,11:42:05,-07:00,2026-04-29T11:42:05-07:00,5,14
projects\projects.js,48,js,355a1e4f,ChidiebereAgunanne,2026-04-29,11:42:05,-07:00,2026-04-29T11:42:05-07:00,5,24
projects\projects.js,49,js,355a1e4f,ChidiebereAgunanne,2026-04-29,11:42:05,-07:00,2026-04-29T11:42:05-07:00,6,60
projects\projects.js,50,js,355a1e4f,ChidiebereAgunanne,2026-04-29,11:42:05,-07:00,2026-04-29T11:42:05-07:00,5,0
projects\projects.js,51,js,355a1e4f,ChidiebereAgunanne,2026-04-29,11:42:05,-07:00,2026-04-29T11:42:05-07:00,0,0
projects\projects.js,52,js,355a1e4f,ChidiebereAgunanne,2026-04-29,11:42:05,-07:00,2026-04-29T11:42:05-07:00,4,25
projects\projects.js,53,js,355a1e4f,ChidiebereAgunanne,2026-04-29,11:42:05,-07:00,2026-04-29T11:42:05-07:00,5,53
projects\projects.js,54,js,355a1e4f,ChidiebereAgunanne,2026-04-29,11:42:05,-07:00,2026-04-29T11:42:05-07:00,4,6
projects\projects.js,55,js,355a1e4f,ChidiebereAgunanne,2026-04-29,11:42:05,-07:00,2026-04-29T11:42:05-07:00,5,46
projects\projects.js,56,js,355a1e4f,ChidiebereAgunanne,2026-04-29,11:42:05,-07:00,2026-04-29T11:42:05-07:00,5,65
projects\projects.js,57,js,355a1e4f,ChidiebereAgunanne,2026-04-29,11:42:05,-07:00,2026-04-29T11:42:05-07:00,5,52
projects\projects.js,58,js,355a1e4f,ChidiebereAgunanne,2026-04-29,11:42:05,-07:00,2026-04-29T11:42:05-07:00,4,0
projects\projects.js,59,js,355a1e4f,ChidiebereAgunanne,2026-04-29,11:42:05,-07:00,2026-04-29T11:42:05-07:00,3,1
projects\projects.js,60,js,d4cbd43c,ChidiebereAgunanne,2026-04-28,19:55:08,-07:00,2026-04-28T19:55:08-07:00,1,1
projects\projects.js,61,js,d4cbd43c,ChidiebereAgunanne,2026-04-28,19:55:08,-07:00,2026-04-28T19:55:08-07:00,0,0
projects\projects.js,62,js,d4cbd43c,ChidiebereAgunanne,2026-04-28,19:55:08,-07:00,2026-04-28T19:55:08-07:00,1,32
projects\projects.js,63,js,d4cbd43c,ChidiebereAgunanne,2026-04-28,19:55:08,-07:00,2026-04-28T19:55:08-07:00,1,27
projects\projects.js,64,js,d4cbd43c,ChidiebereAgunanne,2026-04-28,19:55:08,-07:00,2026-04-28T19:55:08-07:00,2,4
projects\projects.js,65,js,d4cbd43c,ChidiebereAgunanne,2026-04-28,19:55:08,-07:00,2026-04-28T19:55:08-07:00,3,11
projects\projects.js,66,js,d4cbd43c,ChidiebereAgunanne,2026-04-28,19:55:08,-07:00,2026-04-28T19:55:08-07:00,3,38
projects\projects.js,67,js,d4cbd43c,ChidiebereAgunanne,2026-04-28,19:55:08,-07:00,2026-04-28T19:55:08-07:00,3,27
projects\projects.js,68,js,d4cbd43c,ChidiebereAgunanne,2026-04-28,19:55:08,-07:00,2026-04-28T19:55:08-07:00,3,94
projects\projects.js,69,js,d4cbd43c,ChidiebereAgunanne,2026-04-28,19:55:08,-07:00,2026-04-28T19:55:08-07:00,1,1
projects\projects.js,70,js,d4cbd43c,ChidiebereAgunanne,2026-04-28,19:55:08,-07:00,2026-04-28T19:55:08-07:00,0,0
projects\projects.js,71,js,d4cbd43c,ChidiebereAgunanne,2026-04-28,19:55:08,-07:00,2026-04-28T19:55:08-07:00,0,23
projects\projects.js,72,js,d4cbd43c,ChidiebereAgunanne,2026-04-28,19:55:08,-07:00,2026-04-28T19:55:08-07:00,0,0
projects\projects.js,73,js,d4cbd43c,ChidiebereAgunanne,2026-04-28,19:55:08,-07:00,2026-04-28T19:55:08-07:00,0,48
projects\projects.js,74,js,d4cbd43c,ChidiebereAgunanne,2026-04-28,19:55:08,-07:00,2026-04-28T19:55:08-07:00,1,25
projects\projects.js,75,js,d4cbd43c,ChidiebereAgunanne,2026-04-28,19:55:08,-07:00,2026-04-28T19:55:08-07:00,1,51
projects\projects.js,76,js,d4cbd43c,ChidiebereAgunanne,2026-04-28,19:55:08,-07:00,2026-04-28T19:55:08-07:00,2,59
projects\projects.js,77,js,d4cbd43c,ChidiebereAgunanne,2026-04-28,19:55:08,-07:00,2026-04-28T19:55:08-07:00,2,42
projects\projects.js,78,js,d4cbd43c,ChidiebereAgunanne,2026-04-28,19:55:08,-07:00,2026-04-28T19:55:08-07:00,1,1
projects\projects.js,79,js,d4cbd43c,ChidiebereAgunanne,2026-04-28,19:55:08,-07:00,2026-04-28T19:55:08-07:00,1,56
projects\projects.js,80,js,d4cbd43c,ChidiebereAgunanne,2026-04-28,19:55:08,-07:00,2026-04-28T19:55:08-07:00,1,31
projects\projects.js,81,js,d4cbd43c,ChidiebereAgunanne,2026-04-28,19:55:08,-07:00,2026-04-28T19:55:08-07:00,0,1
projects\index.html,1,html,ab1dd98f,ChidiebereAgunanne,2026-04-02,16:52:49,-07:00,2026-04-02T16:52:49-07:00,0,13
projects\index.html,2,html,ab1dd98f,ChidiebereAgunanne,2026-04-02,16:52:49,-07:00,2026-04-02T16:52:49-07:00,0,14
projects\index.html,3,html,ab1dd98f,ChidiebereAgunanne,2026-04-02,16:52:49,-07:00,2026-04-02T16:52:49-07:00,0,4
projects\index.html,4,html,ab1dd98f,ChidiebereAgunanne,2026-04-02,16:52:49,-07:00,2026-04-02T16:52:49-07:00,2,20
projects\index.html,5,html,ab1dd98f,ChidiebereAgunanne,2026-04-02,16:52:49,-07:00,2026-04-02T16:52:49-07:00,2,68
projects\index.html,6,html,ab1dd98f,ChidiebereAgunanne,2026-04-02,16:52:49,-07:00,2026-04-02T16:52:49-07:00,2,21
projects\index.html,7,html,62c72d2b,ChidiebereAgunanne,2026-04-07,17:23:53,-07:00,2026-04-07T17:23:53-07:00,2,41
projects\index.html,8,html,6c0fff36,ChidiebereAgunanne,2026-04-14,16:56:41,-07:00,2026-04-14T16:56:41-07:00,2,48
projects\index.html,9,html,000bf5d5,ChidiebereAgunanne,2026-04-19,14:18:38,-07:00,2026-04-19T14:18:38-07:00,2,47
projects\index.html,10,html,ab1dd98f,ChidiebereAgunanne,2026-04-02,16:52:49,-07:00,2026-04-02T16:52:49-07:00,0,5
projects\index.html,11,html,ab1dd98f,ChidiebereAgunanne,2026-04-02,16:52:49,-07:00,2026-04-02T16:52:49-07:00,0,4
projects\index.html,12,html,000bf5d5,ChidiebereAgunanne,2026-04-19,14:18:38,-07:00,2026-04-19T14:18:38-07:00,2,38
projects\index.html,13,html,0b1e972c,ChidiebereAgunanne,2026-04-27,13:09:45,-07:00,2026-04-27T13:09:45-07:00,2,21
projects\index.html,14,html,0b1e972c,ChidiebereAgunanne,2026-04-27,13:09:45,-07:00,2026-04-27T13:09:45-07:00,4,52
projects\index.html,15,html,0b1e972c,ChidiebereAgunanne,2026-04-27,13:09:45,-07:00,2026-04-27T13:09:45-07:00,4,4
projects\index.html,16,html,0b1e972c,ChidiebereAgunanne,2026-04-27,13:09:45,-07:00,2026-04-27T13:09:45-07:00,4,22
projects\index.html,17,html,0b1e972c,ChidiebereAgunanne,2026-04-27,13:09:45,-07:00,2026-04-27T13:09:45-07:00,2,4
projects\index.html,18,html,d4cbd43c,ChidiebereAgunanne,2026-04-28,19:55:08,-07:00,2026-04-28T19:55:08-07:00,2,100
projects\index.html,19,html,62c72d2b,ChidiebereAgunanne,2026-04-07,17:23:53,-07:00,2026-04-07T17:23:53-07:00,2,20
projects\index.html,20,html,0b1e972c,ChidiebereAgunanne,2026-04-27,13:09:45,-07:00,2026-04-27T13:09:45-07:00,4,57
projects\index.html,21,html,62c72d2b,ChidiebereAgunanne,2026-04-07,17:23:53,-07:00,2026-04-07T17:23:53-07:00,2,4
projects\index.html,22,html,0b1e972c,ChidiebereAgunanne,2026-04-27,13:09:45,-07:00,2026-04-27T13:09:45-07:00,0,0
projects\index.html,23,html,ab1dd98f,ChidiebereAgunanne,2026-04-02,16:52:49,-07:00,2026-04-02T16:52:49-07:00,0,5
projects\index.html,24,html,ab1dd98f,ChidiebereAgunanne,2026-04-02,16:52:49,-07:00,2026-04-02T16:52:49-07:00,0,5
meta\main.js,1,js,57a4cc8b,ChidiebereAgunanne,2026-05-06,13:48:55,-07:00,2026-05-06T13:48:55-07:00,0,63
meta\main.js,2,js,d148af7c,ChidiebereAgunanne,2026-05-22,15:39:06,-07:00,2026-05-22T15:39:06-07:00,0,72
meta\main.js,3,js,b55d2e02,ChidiebereAgunanne,2026-05-08,16:34:46,-07:00,2026-05-08T16:34:46-07:00,0,0
meta\main.js,4,js,b55d2e02,ChidiebereAgunanne,2026-05-08,16:34:46,-07:00,2026-05-08T16:34:46-07:00,0,9
meta\main.js,5,js,b55d2e02,ChidiebereAgunanne,2026-05-08,16:34:46,-07:00,2026-05-08T16:34:46-07:00,0,9
meta\main.js,6,js,b55d2e02,ChidiebereAgunanne,2026-05-08,16:34:46,-07:00,2026-05-08T16:34:46-07:00,0,10
meta\main.js,7,js,52979f03,ChidiebereAgunanne,2026-05-21,12:06:13,-07:00,2026-05-21T12:06:13-07:00,0,47
meta\main.js,8,js,b55d2e02,ChidiebereAgunanne,2026-05-08,16:34:46,-07:00,2026-05-08T16:34:46-07:00,0,0
meta\main.js,9,js,57a4cc8b,ChidiebereAgunanne,2026-05-06,13:48:55,-07:00,2026-05-06T13:48:55-07:00,0,25
meta\main.js,10,js,b55d2e02,ChidiebereAgunanne,2026-05-08,16:34:46,-07:00,2026-05-08T16:34:46-07:00,1,46
meta\main.js,11,js,57a4cc8b,ChidiebereAgunanne,2026-05-06,13:48:55,-07:00,2026-05-06T13:48:55-07:00,2,5
meta\main.js,12,js,b55d2e02,ChidiebereAgunanne,2026-05-08,16:34:46,-07:00,2026-05-08T16:34:46-07:00,2,21
meta\main.js,13,js,57a4cc8b,ChidiebereAgunanne,2026-05-06,13:48:55,-07:00,2026-05-06T13:48:55-07:00,2,23
meta\main.js,14,js,57a4cc8b,ChidiebereAgunanne,2026-05-06,13:48:55,-07:00,2026-05-06T13:48:55-07:00,2,25
meta\main.js,15,js,57a4cc8b,ChidiebereAgunanne,2026-05-06,13:48:55,-07:00,2026-05-06T13:48:55-07:00,2,49
meta\main.js,16,js,57a4cc8b,ChidiebereAgunanne,2026-05-06,13:48:55,-07:00,2026-05-06T13:48:55-07:00,2,31
meta\main.js,17,js,b55d2e02,ChidiebereAgunanne,2026-05-08,16:34:46,-07:00,2026-05-08T16:34:46-07:00,1,2
meta\main.js,18,js,57a4cc8b,ChidiebereAgunanne,2026-05-06,13:48:55,-07:00,2026-05-06T13:48:55-07:00,0,0
meta\main.js,19,js,b55d2e02,ChidiebereAgunanne,2026-05-08,16:34:46,-07:00,2026-05-08T16:34:46-07:00,1,10
meta\main.js,20,js,57a4cc8b,ChidiebereAgunanne,2026-05-06,13:48:55,-07:00,2026-05-06T13:48:55-07:00,0,0
meta\main.js,21,js,57a4cc8b,ChidiebereAgunanne,2026-05-06,13:48:55,-07:00,2026-05-06T13:48:55-07:00,0,0
meta\main.js,22,js,57a4cc8b,ChidiebereAgunanne,2026-05-06,13:48:55,-07:00,2026-05-06T13:48:55-07:00,0,29
meta\main.js,23,js,57a4cc8b,ChidiebereAgunanne,2026-05-06,13:48:55,-07:00,2026-05-06T13:48:55-07:00,1,7
meta\main.js,24,js,57a4cc8b,ChidiebereAgunanne,2026-05-06,13:48:55,-07:00,2026-05-06T13:48:55-07:00,2,28
meta\main.js,25,js,57a4cc8b,ChidiebereAgunanne,2026-05-06,13:48:55,-07:00,2026-05-06T13:48:55-07:00,2,25
meta\main.js,26,js,57a4cc8b,ChidiebereAgunanne,2026-05-06,13:48:55,-07:00,2026-05-06T13:48:55-07:00,3,19
meta\main.js,27,js,57a4cc8b,ChidiebereAgunanne,2026-05-06,13:48:55,-07:00,2026-05-06T13:48:55-07:00,3,53
meta\main.js,28,js,b55d2e02,ChidiebereAgunanne,2026-05-08,16:34:46,-07:00,2026-05-08T16:34:46-07:00,0,0
meta\main.js,29,js,57a4cc8b,ChidiebereAgunanne,2026-05-06,13:48:55,-07:00,2026-05-06T13:48:55-07:00,3,9
meta\main.js,30,js,57a4cc8b,ChidiebereAgunanne,2026-05-06,13:48:55,-07:00,2026-05-06T13:48:55-07:00,4,9
meta\main.js,31,js,d148af7c,ChidiebereAgunanne,2026-05-22,15:39:06,-07:00,2026-05-22T15:39:06-07:00,4,70
meta\main.js,32,js,57a4cc8b,ChidiebereAgunanne,2026-05-06,13:48:55,-07:00,2026-05-06T13:48:55-07:00,4,5
meta\main.js,33,js,57a4cc8b,ChidiebereAgunanne,2026-05-06,13:48:55,-07:00,2026-05-06T13:48:55-07:00,4,3
meta\main.js,34,js,57a4cc8b,ChidiebereAgunanne,2026-05-06,13:48:55,-07:00,2026-05-06T13:48:55-07:00,4,3
meta\main.js,35,js,57a4cc8b,ChidiebereAgunanne,2026-05-06,13:48:55,-07:00,2026-05-06T13:48:55-07:00,4,7
meta\main.js,36,js,57a4cc8b,ChidiebereAgunanne,2026-05-06,13:48:55,-07:00,2026-05-06T13:48:55-07:00,4,7
meta\main.js,37,js,57a4cc8b,ChidiebereAgunanne,2026-05-06,13:48:55,-07:00,2026-05-06T13:48:55-07:00,4,57
meta\main.js,38,js,57a4cc8b,ChidiebereAgunanne,2026-05-06,13:48:55,-07:00,2026-05-06T13:48:55-07:00,4,23
meta\main.js,39,js,57a4cc8b,ChidiebereAgunanne,2026-05-06,13:48:55,-07:00,2026-05-06T13:48:55-07:00,3,0
meta\main.js,40,js,57a4cc8b,ChidiebereAgunanne,2026-05-06,13:48:55,-07:00,2026-05-06T13:48:55-07:00,0,0
meta\main.js,41,js,57a4cc8b,ChidiebereAgunanne,2026-05-06,13:48:55,-07:00,2026-05-06T13:48:55-07:00,3,35
meta\main.js,42,js,57a4cc8b,ChidiebereAgunanne,2026-05-06,13:48:55,-07:00,2026-05-06T13:48:55-07:00,4,11
meta\main.js,43,js,b55d2e02,ChidiebereAgunanne,2026-05-08,16:34:46,-07:00,2026-05-08T16:34:46-07:00,4,17
meta\main.js,44,js,b55d2e02,ChidiebereAgunanne,2026-05-08,16:34:46,-07:00,2026-05-08T16:34:46-07:00,4,13
meta\main.js,45,js,b55d2e02,ChidiebereAgunanne,2026-05-08,16:34:46,-07:00,2026-05-08T16:34:46-07:00,4,16
meta\main.js,46,js,57a4cc8b,ChidiebereAgunanne,2026-05-06,13:48:55,-07:00,2026-05-06T13:48:55-07:00,3,1
meta\main.js,47,js,57a4cc8b,ChidiebereAgunanne,2026-05-06,13:48:55,-07:00,2026-05-06T13:48:55-07:00,0,0
meta\main.js,48,js,57a4cc8b,ChidiebereAgunanne,2026-05-06,13:48:55,-07:00,2026-05-06T13:48:55-07:00,3,9
meta\main.js,49,js,d148af7c,ChidiebereAgunanne,2026-05-22,15:39:06,-07:00,2026-05-22T15:39:06-07:00,2,0
meta\main.js,50,js,d148af7c,ChidiebereAgunanne,2026-05-22,15:39:06,-07:00,2026-05-22T15:39:06-07:00,2,39
meta\main.js,51,js,57a4cc8b,ChidiebereAgunanne,2026-05-06,13:48:55,-07:00,2026-05-06T13:48:55-07:00,0,0
meta\main.js,52,js,57a4cc8b,ChidiebereAgunanne,2026-05-06,13:48:55,-07:00,2026-05-06T13:48:55-07:00,0,0
meta\main.js,53,js,57a4cc8b,ChidiebereAgunanne,2026-05-06,13:48:55,-07:00,2026-05-06T13:48:55-07:00,0,40
meta\main.js,54,js,52979f03,ChidiebereAgunanne,2026-05-21,12:06:13,-07:00,2026-05-21T12:06:13-07:00,1,32
meta\main.js,55,js,52979f03,ChidiebereAgunanne,2026-05-21,12:06:13,-07:00,2026-05-21T12:06:13-07:00,0,0
meta\main.js,56,js,52979f03,ChidiebereAgunanne,2026-05-21,12:06:13,-07:00,2026-05-21T12:06:13-07:00,1,36
meta\main.js,57,js,52979f03,ChidiebereAgunanne,2026-05-21,12:06:13,-07:00,2026-05-21T12:06:13-07:00,1,28
meta\main.js,58,js,52979f03,ChidiebereAgunanne,2026-05-21,12:06:13,-07:00,2026-05-21T12:06:13-07:00,0,0
meta\main.js,59,js,52979f03,ChidiebereAgunanne,2026-05-21,12:06:13,-07:00,2026-05-21T12:06:13-07:00,1,44
meta\main.js,60,js,52979f03,ChidiebereAgunanne,2026-05-21,12:06:13,-07:00,2026-05-21T12:06:13-07:00,0,0
meta\main.js,61,js,52979f03,ChidiebereAgunanne,2026-05-21,12:06:13,-07:00,2026-05-21T12:06:13-07:00,1,51
meta\main.js,62,js,b55d2e02,ChidiebereAgunanne,2026-05-08,16:34:46,-07:00,2026-05-08T16:34:46-07:00,0,0
meta\main.js,63,js,b55d2e02,ChidiebereAgunanne,2026-05-08,16:34:46,-07:00,2026-05-08T16:34:46-07:00,1,67
meta\main.js,64,js,52979f03,ChidiebereAgunanne,2026-05-21,12:06:13,-07:00,2026-05-21T12:06:13-07:00,1,33
meta\main.js,65,js,b55d2e02,ChidiebereAgunanne,2026-05-08,16:34:46,-07:00,2026-05-08T16:34:46-07:00,0,0
meta\main.js,66,js,b55d2e02,ChidiebereAgunanne,2026-05-08,16:34:46,-07:00,2026-05-08T16:34:46-07:00,1,36
meta\main.js,67,js,b55d2e02,ChidiebereAgunanne,2026-05-08,16:34:46,-07:00,2026-05-08T16:34:46-07:00,1,35
meta\main.js,68,js,b55d2e02,ChidiebereAgunanne,2026-05-08,16:34:46,-07:00,2026-05-08T16:34:46-07:00,0,0
meta\main.js,69,js,b55d2e02,ChidiebereAgunanne,2026-05-08,16:34:46,-07:00,2026-05-08T16:34:46-07:00,1,38
meta\main.js,70,js,52979f03,ChidiebereAgunanne,2026-05-21,12:06:13,-07:00,2026-05-21T12:06:13-07:00,1,59
meta\main.js,71,js,b55d2e02,ChidiebereAgunanne,2026-05-08,16:34:46,-07:00,2026-05-08T16:34:46-07:00,0,0
meta\main.js,72,js,b55d2e02,ChidiebereAgunanne,2026-05-08,16:34:46,-07:00,2026-05-08T16:34:46-07:00,1,35
meta\main.js,73,js,52979f03,ChidiebereAgunanne,2026-05-21,12:06:13,-07:00,2026-05-21T12:06:13-07:00,1,51
meta\main.js,74,js,57a4cc8b,ChidiebereAgunanne,2026-05-06,13:48:55,-07:00,2026-05-06T13:48:55-07:00,0,0
meta\main.js,75,js,b55d2e02,ChidiebereAgunanne,2026-05-08,16:34:46,-07:00,2026-05-08T16:34:46-07:00,1,38
meta\main.js,76,js,52979f03,ChidiebereAgunanne,2026-05-21,12:06:13,-07:00,2026-05-21T12:06:13-07:00,1,50
meta\main.js,77,js,b55d2e02,ChidiebereAgunanne,2026-05-08,16:34:46,-07:00,2026-05-08T16:34:46-07:00,0,0
meta\main.js,78,js,b55d2e02,ChidiebereAgunanne,2026-05-08,16:34:46,-07:00,2026-05-08T16:34:46-07:00,0,0
meta\main.js,79,js,b55d2e02,ChidiebereAgunanne,2026-05-08,16:34:46,-07:00,2026-05-08T16:34:46-07:00,0,37
meta\main.js,80,js,b55d2e02,ChidiebereAgunanne,2026-05-08,16:34:46,-07:00,2026-05-08T16:34:46-07:00,1,56
meta\main.js,81,js,b55d2e02,ChidiebereAgunanne,2026-05-08,16:34:46,-07:00,2026-05-08T16:34:46-07:00,1,40
meta\main.js,82,js,b55d2e02,ChidiebereAgunanne,2026-05-08,16:34:46,-07:00,2026-05-08T16:34:46-07:00,1,39
meta\main.js,83,js,b55d2e02,ChidiebereAgunanne,2026-05-08,16:34:46,-07:00,2026-05-08T16:34:46-07:00,0,0
meta\main.js,84,js,57a4cc8b,ChidiebereAgunanne,2026-05-06,13:48:55,-07:00,2026-05-06T13:48:55-07:00,0,0
meta\main.js,85,js,b55d2e02,ChidiebereAgunanne,2026-05-08,16:34:46,-07:00,2026-05-08T16:34:46-07:00,0,43
meta\main.js,86,js,b55d2e02,ChidiebereAgunanne,2026-05-08,16:34:46,-07:00,2026-05-08T16:34:46-07:00,1,56
meta\main.js,87,js,b55d2e02,ChidiebereAgunanne,2026-05-08,16:34:46,-07:00,2026-05-08T16:34:46-07:00,1,26
meta\main.js,88,js,b55d2e02,ChidiebereAgunanne,2026-05-08,16:34:46,-07:00,2026-05-08T16:34:46-07:00,0,0
meta\main.js,89,js,57a4cc8b,ChidiebereAgunanne,2026-05-06,13:48:55,-07:00,2026-05-06T13:48:55-07:00,0,0
meta\main.js,90,js,b55d2e02,ChidiebereAgunanne,2026-05-08,16:34:46,-07:00,2026-05-08T16:34:46-07:00,0,37
meta\main.js,91,js,b55d2e02,ChidiebereAgunanne,2026-05-08,16:34:46,-07:00,2026-05-08T16:34:46-07:00,1,50
meta\main.js,92,js,b55d2e02,ChidiebereAgunanne,2026-05-08,16:34:46,-07:00,2026-05-08T16:34:46-07:00,1,50
meta\main.js,93,js,57a4cc8b,ChidiebereAgunanne,2026-05-06,13:48:55,-07:00,2026-05-06T13:48:55-07:00,0,0
meta\main.js,94,js,b55d2e02,ChidiebereAgunanne,2026-05-08,16:34:46,-07:00,2026-05-08T16:34:46-07:00,1,43
meta\main.js,95,js,57a4cc8b,ChidiebereAgunanne,2026-05-06,13:48:55,-07:00,2026-05-06T13:48:55-07:00,0,0
meta\main.js,96,js,b55d2e02,ChidiebereAgunanne,2026-05-08,16:34:46,-07:00,2026-05-08T16:34:46-07:00,1,21
meta\main.js,97,js,b55d2e02,ChidiebereAgunanne,2026-05-08,16:34:46,-07:00,2026-05-08T16:34:46-07:00,1,27
meta\main.js,98,js,57a4cc8b,ChidiebereAgunanne,2026-05-06,13:48:55,-07:00,2026-05-06T13:48:55-07:00,0,0
meta\main.js,99,js,b55d2e02,ChidiebereAgunanne,2026-05-08,16:34:46,-07:00,2026-05-08T16:34:46-07:00,1,56
meta\main.js,100,js,b55d2e02,ChidiebereAgunanne,2026-05-08,16:34:46,-07:00,2026-05-08T16:34:46-07:00,2,16
meta\main.js,101,js,b55d2e02,ChidiebereAgunanne,2026-05-08,16:34:46,-07:00,2026-05-08T16:34:46-07:00,1,1
meta\main.js,102,js,57a4cc8b,ChidiebereAgunanne,2026-05-06,13:48:55,-07:00,2026-05-06T13:48:55-07:00,0,0
meta\main.js,103,js,57a4cc8b,ChidiebereAgunanne,2026-05-06,13:48:55,-07:00,2026-05-06T13:48:55-07:00,0,0
meta\main.js,104,js,57a4cc8b,ChidiebereAgunanne,2026-05-06,13:48:55,-07:00,2026-05-06T13:48:55-07:00,0,41
meta\main.js,105,js,b55d2e02,ChidiebereAgunanne,2026-05-08,16:34:46,-07:00,2026-05-08T16:34:46-07:00,1,59
meta\main.js,106,js,b55d2e02,ChidiebereAgunanne,2026-05-08,16:34:46,-07:00,2026-05-08T16:34:46-07:00,0,0
meta\main.js,107,js,b55d2e02,ChidiebereAgunanne,2026-05-08,16:34:46,-07:00,2026-05-08T16:34:46-07:00,1,17
meta\main.js,108,js,b55d2e02,ChidiebereAgunanne,2026-05-08,16:34:46,-07:00,2026-05-08T16:34:46-07:00,1,17
meta\main.js,109,js,b55d2e02,ChidiebereAgunanne,2026-05-08,16:34:46,-07:00,2026-05-08T16:34:46-07:00,0,0
meta\main.js,110,js,b55d2e02,ChidiebereAgunanne,2026-05-08,16:34:46,-07:00,2026-05-08T16:34:46-07:00,1,58
meta\main.js,111,js,b55d2e02,ChidiebereAgunanne,2026-05-08,16:34:46,-07:00,2026-05-08T16:34:46-07:00,0,0
meta\main.js,112,js,b55d2e02,ChidiebereAgunanne,2026-05-08,16:34:46,-07:00,2026-05-08T16:34:46-07:00,1,18
meta\main.js,113,js,b55d2e02,ChidiebereAgunanne,2026-05-08,16:34:46,-07:00,2026-05-08T16:34:46-07:00,2,14
meta\main.js,114,js,b55d2e02,ChidiebereAgunanne,2026-05-08,16:34:46,-07:00,2026-05-08T16:34:46-07:00,2,26
meta\main.js,115,js,b55d2e02,ChidiebereAgunanne,2026-05-08,16:34:46,-07:00,2026-05-08T16:34:46-07:00,2,29
meta\main.js,116,js,b55d2e02,ChidiebereAgunanne,2026-05-08,16:34:46,-07:00,2026-05-08T16:34:46-07:00,2,16
meta\main.js,117,js,b55d2e02,ChidiebereAgunanne,2026-05-08,16:34:46,-07:00,2026-05-08T16:34:46-07:00,2,40
meta\main.js,118,js,b55d2e02,ChidiebereAgunanne,2026-05-08,16:34:46,-07:00,2026-05-08T16:34:46-07:00,2,42
meta\main.js,119,js,b55d2e02,ChidiebereAgunanne,2026-05-08,16:34:46,-07:00,2026-05-08T16:34:46-07:00,1,0
meta\main.js,120,js,b55d2e02,ChidiebereAgunanne,2026-05-08,16:34:46,-07:00,2026-05-08T16:34:46-07:00,0,0
meta\main.js,121,js,b55d2e02,ChidiebereAgunanne,2026-05-08,16:34:46,-07:00,2026-05-08T16:34:46-07:00,1,12
meta\main.js,122,js,57a4cc8b,ChidiebereAgunanne,2026-05-06,13:48:55,-07:00,2026-05-06T13:48:55-07:00,2,15
meta\main.js,123,js,57a4cc8b,ChidiebereAgunanne,2026-05-06,13:48:55,-07:00,2026-05-06T13:48:55-07:00,2,12
meta\main.js,124,js,57a4cc8b,ChidiebereAgunanne,2026-05-06,13:48:55,-07:00,2026-05-06T13:48:55-07:00,2,40
meta\main.js,125,js,57a4cc8b,ChidiebereAgunanne,2026-05-06,13:48:55,-07:00,2026-05-06T13:48:55-07:00,2,28
meta\main.js,126,js,b55d2e02,ChidiebereAgunanne,2026-05-08,16:34:46,-07:00,2026-05-08T16:34:46-07:00,0,0
meta\main.js,127,js,b55d2e02,ChidiebereAgunanne,2026-05-08,16:34:46,-07:00,2026-05-08T16:34:46-07:00,1,9
meta\main.js,128,js,57a4cc8b,ChidiebereAgunanne,2026-05-06,13:48:55,-07:00,2026-05-06T13:48:55-07:00,2,10
meta\main.js,129,js,57a4cc8b,ChidiebereAgunanne,2026-05-06,13:48:55,-07:00,2026-05-06T13:48:55-07:00,2,44
meta\main.js,130,js,b55d2e02,ChidiebereAgunanne,2026-05-08,16:34:46,-07:00,2026-05-08T16:34:46-07:00,2,41
meta\main.js,131,js,57a4cc8b,ChidiebereAgunanne,2026-05-06,13:48:55,-07:00,2026-05-06T13:48:55-07:00,2,6
meta\main.js,132,js,57a4cc8b,ChidiebereAgunanne,2026-05-06,13:48:55,-07:00,2026-05-06T13:48:55-07:00,0,0
meta\main.js,133,js,b55d2e02,ChidiebereAgunanne,2026-05-08,16:34:46,-07:00,2026-05-08T16:34:46-07:00,1,9
meta\main.js,134,js,b55d2e02,ChidiebereAgunanne,2026-05-08,16:34:46,-07:00,2026-05-08T16:34:46-07:00,2,12
meta\main.js,135,js,b55d2e02,ChidiebereAgunanne,2026-05-08,16:34:46,-07:00,2026-05-08T16:34:46-07:00,2,14
meta\main.js,136,js,b55d2e02,ChidiebereAgunanne,2026-05-08,16:34:46,-07:00,2026-05-08T16:34:46-07:00,2,42
meta\main.js,137,js,b55d2e02,ChidiebereAgunanne,2026-05-08,16:34:46,-07:00,2026-05-08T16:34:46-07:00,0,0
meta\main.js,138,js,b55d2e02,ChidiebereAgunanne,2026-05-08,16:34:46,-07:00,2026-05-08T16:34:46-07:00,1,67
meta\main.js,139,js,b55d2e02,ChidiebereAgunanne,2026-05-08,16:34:46,-07:00,2026-05-08T16:34:46-07:00,0,0
meta\main.js,140,js,b55d2e02,ChidiebereAgunanne,2026-05-08,16:34:46,-07:00,2026-05-08T16:34:46-07:00,1,15
meta\main.js,141,js,b55d2e02,ChidiebereAgunanne,2026-05-08,16:34:46,-07:00,2026-05-08T16:34:46-07:00,2,10
meta\main.js,142,js,b55d2e02,ChidiebereAgunanne,2026-05-08,16:34:46,-07:00,2026-05-08T16:34:46-07:00,2,27
meta\main.js,143,js,b55d2e02,ChidiebereAgunanne,2026-05-08,16:34:46,-07:00,2026-05-08T16:34:46-07:00,2,14
meta\main.js,144,js,b55d2e02,ChidiebereAgunanne,2026-05-08,16:34:46,-07:00,2026-05-08T16:34:46-07:00,0,0
meta\main.js,145,js,b55d2e02,ChidiebereAgunanne,2026-05-08,16:34:46,-07:00,2026-05-08T16:34:46-07:00,1,19
meta\main.js,146,js,b55d2e02,ChidiebereAgunanne,2026-05-08,16:34:46,-07:00,2026-05-08T16:34:46-07:00,2,10
meta\main.js,147,js,b55d2e02,ChidiebereAgunanne,2026-05-08,16:34:46,-07:00,2026-05-08T16:34:46-07:00,2,25
meta\main.js,148,js,b55d2e02,ChidiebereAgunanne,2026-05-08,16:34:46,-07:00,2026-05-08T16:34:46-07:00,2,53
meta\main.js,149,js,b55d2e02,ChidiebereAgunanne,2026-05-08,16:34:46,-07:00,2026-05-08T16:34:46-07:00,0,0
meta\main.js,150,js,b55d2e02,ChidiebereAgunanne,2026-05-08,16:34:46,-07:00,2026-05-08T16:34:46-07:00,1,13
meta\main.js,151,js,b55d2e02,ChidiebereAgunanne,2026-05-08,16:34:46,-07:00,2026-05-08T16:34:46-07:00,2,60
meta\main.js,152,js,b55d2e02,ChidiebereAgunanne,2026-05-08,16:34:46,-07:00,2026-05-08T16:34:46-07:00,1,0
meta\main.js,153,js,b55d2e02,ChidiebereAgunanne,2026-05-08,16:34:46,-07:00,2026-05-08T16:34:46-07:00,0,0
meta\main.js,154,js,b55d2e02,ChidiebereAgunanne,2026-05-08,16:34:46,-07:00,2026-05-08T16:34:46-07:00,1,49
meta\main.js,155,js,b55d2e02,ChidiebereAgunanne,2026-05-08,16:34:46,-07:00,2026-05-08T16:34:46-07:00,0,0
meta\main.js,156,js,b55d2e02,ChidiebereAgunanne,2026-05-08,16:34:46,-07:00,2026-05-08T16:34:46-07:00,1,2
meta\main.js,157,js,57a4cc8b,ChidiebereAgunanne,2026-05-06,13:48:55,-07:00,2026-05-06T13:48:55-07:00,2,18
meta\main.js,158,js,52979f03,ChidiebereAgunanne,2026-05-21,12:06:13,-07:00,2026-05-21T12:06:13-07:00,2,31
meta\main.js,159,js,57a4cc8b,ChidiebereAgunanne,2026-05-06,13:48:55,-07:00,2026-05-06T13:48:55-07:00,2,13
meta\main.js,160,js,57a4cc8b,ChidiebereAgunanne,2026-05-06,13:48:55,-07:00,2026-05-06T13:48:55-07:00,2,36
meta\main.js,161,js,57a4cc8b,ChidiebereAgunanne,2026-05-06,13:48:55,-07:00,2026-05-06T13:48:55-07:00,2,36
meta\main.js,162,js,b55d2e02,ChidiebereAgunanne,2026-05-08,16:34:46,-07:00,2026-05-08T16:34:46-07:00,2,37
meta\main.js,163,js,b55d2e02,ChidiebereAgunanne,2026-05-08,16:34:46,-07:00,2026-05-08T16:34:46-07:00,2,24
meta\main.js,164,js,b55d2e02,ChidiebereAgunanne,2026-05-08,16:34:46,-07:00,2026-05-08T16:34:46-07:00,2,25
meta\main.js,165,js,b55d2e02,ChidiebereAgunanne,2026-05-08,16:34:46,-07:00,2026-05-08T16:34:46-07:00,2,36
meta\main.js,166,js,b55d2e02,ChidiebereAgunanne,2026-05-08,16:34:46,-07:00,2026-05-08T16:34:46-07:00,3,54
meta\main.js,167,js,b55d2e02,ChidiebereAgunanne,2026-05-08,16:34:46,-07:00,2026-05-08T16:34:46-07:00,3,27
meta\main.js,168,js,b55d2e02,ChidiebereAgunanne,2026-05-08,16:34:46,-07:00,2026-05-08T16:34:46-07:00,3,28
meta\main.js,169,js,b55d2e02,ChidiebereAgunanne,2026-05-08,16:34:46,-07:00,2026-05-08T16:34:46-07:00,3,27
meta\main.js,170,js,b55d2e02,ChidiebereAgunanne,2026-05-08,16:34:46,-07:00,2026-05-08T16:34:46-07:00,2,0
meta\main.js,171,js,b55d2e02,ChidiebereAgunanne,2026-05-08,16:34:46,-07:00,2026-05-08T16:34:46-07:00,2,28
meta\main.js,172,js,b55d2e02,ChidiebereAgunanne,2026-05-08,16:34:46,-07:00,2026-05-08T16:34:46-07:00,3,56
meta\main.js,173,js,b55d2e02,ChidiebereAgunanne,2026-05-08,16:34:46,-07:00,2026-05-08T16:34:46-07:00,3,29
meta\main.js,174,js,b55d2e02,ChidiebereAgunanne,2026-05-08,16:34:46,-07:00,2026-05-08T16:34:46-07:00,2,1
meta\main.js,175,js,b55d2e02,ChidiebereAgunanne,2026-05-08,16:34:46,-07:00,2026-05-08T16:34:46-07:00,0,0
meta\main.js,176,js,b55d2e02,ChidiebereAgunanne,2026-05-08,16:34:46,-07:00,2026-05-08T16:34:46-07:00,1,34
meta\main.js,177,js,b55d2e02,ChidiebereAgunanne,2026-05-08,16:34:46,-07:00,2026-05-08T16:34:46-07:00,0,0
meta\main.js,178,js,b55d2e02,ChidiebereAgunanne,2026-05-08,16:34:46,-07:00,2026-05-08T16:34:46-07:00,1,14
meta\main.js,179,js,b55d2e02,ChidiebereAgunanne,2026-05-08,16:34:46,-07:00,2026-05-08T16:34:46-07:00,2,15
meta\main.js,180,js,b55d2e02,ChidiebereAgunanne,2026-05-08,16:34:46,-07:00,2026-05-08T16:34:46-07:00,2,58
meta\main.js,181,js,b55d2e02,ChidiebereAgunanne,2026-05-08,16:34:46,-07:00,2026-05-08T16:34:46-07:00,0,0
meta\main.js,182,js,52979f03,ChidiebereAgunanne,2026-05-21,12:06:13,-07:00,2026-05-21T12:06:13-07:00,1,1
meta\main.js,183,js,b55d2e02,ChidiebereAgunanne,2026-05-08,16:34:46,-07:00,2026-05-08T16:34:46-07:00,2,10
meta\main.js,184,js,b55d2e02,ChidiebereAgunanne,2026-05-08,16:34:46,-07:00,2026-05-08T16:34:46-07:00,2,54
meta\main.js,185,js,52979f03,ChidiebereAgunanne,2026-05-21,12:06:13,-07:00,2026-05-21T12:06:13-07:00,2,52
meta\main.js,186,js,b55d2e02,ChidiebereAgunanne,2026-05-08,16:34:46,-07:00,2026-05-08T16:34:46-07:00,2,11
meta\main.js,187,js,b55d2e02,ChidiebereAgunanne,2026-05-08,16:34:46,-07:00,2026-05-08T16:34:46-07:00,0,0
meta\main.js,188,js,b55d2e02,ChidiebereAgunanne,2026-05-08,16:34:46,-07:00,2026-05-08T16:34:46-07:00,1,1
meta\main.js,189,js,b55d2e02,ChidiebereAgunanne,2026-05-08,16:34:46,-07:00,2026-05-08T16:34:46-07:00,2,10
meta\main.js,190,js,b55d2e02,ChidiebereAgunanne,2026-05-08,16:34:46,-07:00,2026-05-08T16:34:46-07:00,2,52
meta\main.js,191,js,52979f03,ChidiebereAgunanne,2026-05-21,12:06:13,-07:00,2026-05-21T12:06:13-07:00,2,46
meta\main.js,192,js,b55d2e02,ChidiebereAgunanne,2026-05-08,16:34:46,-07:00,2026-05-08T16:34:46-07:00,2,11
meta\main.js,193,js,b55d2e02,ChidiebereAgunanne,2026-05-08,16:34:46,-07:00,2026-05-08T16:34:46-07:00,0,0
meta\main.js,194,js,b55d2e02,ChidiebereAgunanne,2026-05-08,16:34:46,-07:00,2026-05-08T16:34:46-07:00,1,23
meta\main.js,195,js,b55d2e02,ChidiebereAgunanne,2026-05-08,16:34:46,-07:00,2026-05-08T16:34:46-07:00,0,0
meta\main.js,196,js,b55d2e02,ChidiebereAgunanne,2026-05-08,16:34:46,-07:00,2026-05-08T16:34:46-07:00,0,0
meta\main.js,197,js,b55d2e02,ChidiebereAgunanne,2026-05-08,16:34:46,-07:00,2026-05-08T16:34:46-07:00,0,33
meta\main.js,198,js,b55d2e02,ChidiebereAgunanne,2026-05-08,16:34:46,-07:00,2026-05-08T16:34:46-07:00,1,50
meta\main.js,199,js,b55d2e02,ChidiebereAgunanne,2026-05-08,16:34:46,-07:00,2026-05-08T16:34:46-07:00,0,0
meta\main.js,200,js,b55d2e02,ChidiebereAgunanne,2026-05-08,16:34:46,-07:00,2026-05-08T16:34:46-07:00,1,43
meta\main.js,201,js,b55d2e02,ChidiebereAgunanne,2026-05-08,16:34:46,-07:00,2026-05-08T16:34:46-07:00,0,0
meta\main.js,202,js,b55d2e02,ChidiebereAgunanne,2026-05-08,16:34:46,-07:00,2026-05-08T16:34:46-07:00,0,0
meta\main.js,203,js,b55d2e02,ChidiebereAgunanne,2026-05-08,16:34:46,-07:00,2026-05-08T16:34:46-07:00,0,23
meta\main.js,204,js,b55d2e02,ChidiebereAgunanne,2026-05-08,16:34:46,-07:00,2026-05-08T16:34:46-07:00,1,32
meta\main.js,205,js,b55d2e02,ChidiebereAgunanne,2026-05-08,16:34:46,-07:00,2026-05-08T16:34:46-07:00,0,0
meta\main.js,206,js,b55d2e02,ChidiebereAgunanne,2026-05-08,16:34:46,-07:00,2026-05-08T16:34:46-07:00,1,47
meta\main.js,207,js,b55d2e02,ChidiebereAgunanne,2026-05-08,16:34:46,-07:00,2026-05-08T16:34:46-07:00,2,28
meta\main.js,208,js,b55d2e02,ChidiebereAgunanne,2026-05-08,16:34:46,-07:00,2026-05-08T16:34:46-07:00,1,0
meta\main.js,209,js,b55d2e02,ChidiebereAgunanne,2026-05-08,16:34:46,-07:00,2026-05-08T16:34:46-07:00,0,0
meta\main.js,210,js,b55d2e02,ChidiebereAgunanne,2026-05-08,16:34:46,-07:00,2026-05-08T16:34:46-07:00,1,30
meta\main.js,211,js,b55d2e02,ChidiebereAgunanne,2026-05-08,16:34:46,-07:00,2026-05-08T16:34:46-07:00,1,33
meta\main.js,212,js,b55d2e02,ChidiebereAgunanne,2026-05-08,16:34:46,-07:00,2026-05-08T16:34:46-07:00,0,0
meta\main.js,213,js,b55d2e02,ChidiebereAgunanne,2026-05-08,16:34:46,-07:00,2026-05-08T16:34:46-07:00,0,0
meta\main.js,214,js,b55d2e02,ChidiebereAgunanne,2026-05-08,16:34:46,-07:00,2026-05-08T16:34:46-07:00,0,44
meta\main.js,215,js,b55d2e02,ChidiebereAgunanne,2026-05-08,16:34:46,-07:00,2026-05-08T16:34:46-07:00,1,15
meta\main.js,216,js,b55d2e02,ChidiebereAgunanne,2026-05-08,16:34:46,-07:00,2026-05-08T16:34:46-07:00,2,11
meta\main.js,217,js,b55d2e02,ChidiebereAgunanne,2026-05-08,16:34:46,-07:00,2026-05-08T16:34:46-07:00,1,0
meta\main.js,218,js,b55d2e02,ChidiebereAgunanne,2026-05-08,16:34:46,-07:00,2026-05-08T16:34:46-07:00,0,0
meta\main.js,219,js,b55d2e02,ChidiebereAgunanne,2026-05-08,16:34:46,-07:00,2026-05-08T16:34:46-07:00,1,42
meta\main.js,220,js,b55d2e02,ChidiebereAgunanne,2026-05-08,16:34:46,-07:00,2026-05-08T16:34:46-07:00,1,42
meta\main.js,221,js,b55d2e02,ChidiebereAgunanne,2026-05-08,16:34:46,-07:00,2026-05-08T16:34:46-07:00,0,0
meta\main.js,222,js,b55d2e02,ChidiebereAgunanne,2026-05-08,16:34:46,-07:00,2026-05-08T16:34:46-07:00,1,32
meta\main.js,223,js,b55d2e02,ChidiebereAgunanne,2026-05-08,16:34:46,-07:00,2026-05-08T16:34:46-07:00,1,32
meta\main.js,224,js,b55d2e02,ChidiebereAgunanne,2026-05-08,16:34:46,-07:00,2026-05-08T16:34:46-07:00,0,0
meta\main.js,225,js,b55d2e02,ChidiebereAgunanne,2026-05-08,16:34:46,-07:00,2026-05-08T16:34:46-07:00,1,46
meta\main.js,226,js,b55d2e02,ChidiebereAgunanne,2026-05-08,16:34:46,-07:00,2026-05-08T16:34:46-07:00,0,0
meta\main.js,227,js,b55d2e02,ChidiebereAgunanne,2026-05-08,16:34:46,-07:00,2026-05-08T16:34:46-07:00,0,0
meta\main.js,228,js,b55d2e02,ChidiebereAgunanne,2026-05-08,16:34:46,-07:00,2026-05-08T16:34:46-07:00,0,40
meta\main.js,229,js,b55d2e02,ChidiebereAgunanne,2026-05-08,16:34:46,-07:00,2026-05-08T16:34:46-07:00,1,31
meta\main.js,230,js,b55d2e02,ChidiebereAgunanne,2026-05-08,16:34:46,-07:00,2026-05-08T16:34:46-07:00,2,53
meta\main.js,231,js,b55d2e02,ChidiebereAgunanne,2026-05-08,16:34:46,-07:00,2026-05-08T16:34:46-07:00,2,3
meta\main.js,232,js,b55d2e02,ChidiebereAgunanne,2026-05-08,16:34:46,-07:00,2026-05-08T16:34:46-07:00,0,0
meta\main.js,233,js,b55d2e02,ChidiebereAgunanne,2026-05-08,16:34:46,-07:00,2026-05-08T16:34:46-07:00,1,62
meta\main.js,234,js,b55d2e02,ChidiebereAgunanne,2026-05-08,16:34:46,-07:00,2026-05-08T16:34:46-07:00,0,0
meta\main.js,235,js,b55d2e02,ChidiebereAgunanne,2026-05-08,16:34:46,-07:00,2026-05-08T16:34:46-07:00,1,28
meta\main.js,236,js,b55d2e02,ChidiebereAgunanne,2026-05-08,16:34:46,-07:00,2026-05-08T16:34:46-07:00,2,28
meta\main.js,237,js,b55d2e02,ChidiebereAgunanne,2026-05-08,16:34:46,-07:00,2026-05-08T16:34:46-07:00,1,18
meta\main.js,238,js,b55d2e02,ChidiebereAgunanne,2026-05-08,16:34:46,-07:00,2026-05-08T16:34:46-07:00,0,0
meta\main.js,239,js,b55d2e02,ChidiebereAgunanne,2026-05-08,16:34:46,-07:00,2026-05-08T16:34:46-07:00,1,21
meta\main.js,240,js,b55d2e02,ChidiebereAgunanne,2026-05-08,16:34:46,-07:00,2026-05-08T16:34:46-07:00,0,0
meta\main.js,241,js,b55d2e02,ChidiebereAgunanne,2026-05-08,16:34:46,-07:00,2026-05-08T16:34:46-07:00,0,0
meta\main.js,242,js,b55d2e02,ChidiebereAgunanne,2026-05-08,16:34:46,-07:00,2026-05-08T16:34:46-07:00,0,43
meta\main.js,243,js,b55d2e02,ChidiebereAgunanne,2026-05-08,16:34:46,-07:00,2026-05-08T16:34:46-07:00,1,31
meta\main.js,244,js,b55d2e02,ChidiebereAgunanne,2026-05-08,16:34:46,-07:00,2026-05-08T16:34:46-07:00,2,53
meta\main.js,245,js,b55d2e02,ChidiebereAgunanne,2026-05-08,16:34:46,-07:00,2026-05-08T16:34:46-07:00,2,3
meta\main.js,246,js,b55d2e02,ChidiebereAgunanne,2026-05-08,16:34:46,-07:00,2026-05-08T16:34:46-07:00,0,0
meta\main.js,247,js,b55d2e02,ChidiebereAgunanne,2026-05-08,16:34:46,-07:00,2026-05-08T16:34:46-07:00,1,62
meta\main.js,248,js,b55d2e02,ChidiebereAgunanne,2026-05-08,16:34:46,-07:00,2026-05-08T16:34:46-07:00,0,0
meta\main.js,249,js,b55d2e02,ChidiebereAgunanne,2026-05-08,16:34:46,-07:00,2026-05-08T16:34:46-07:00,1,33
meta\main.js,250,js,b55d2e02,ChidiebereAgunanne,2026-05-08,16:34:46,-07:00,2026-05-08T16:34:46-07:00,2,23
meta\main.js,251,js,b55d2e02,ChidiebereAgunanne,2026-05-08,16:34:46,-07:00,2026-05-08T16:34:46-07:00,2,5
meta\main.js,252,js,b55d2e02,ChidiebereAgunanne,2026-05-08,16:34:46,-07:00,2026-05-08T16:34:46-07:00,1,0
meta\main.js,253,js,b55d2e02,ChidiebereAgunanne,2026-05-08,16:34:46,-07:00,2026-05-08T16:34:46-07:00,0,0
meta\main.js,254,js,b55d2e02,ChidiebereAgunanne,2026-05-08,16:34:46,-07:00,2026-05-08T16:34:46-07:00,1,73
meta\main.js,255,js,b55d2e02,ChidiebereAgunanne,2026-05-08,16:34:46,-07:00,2026-05-08T16:34:46-07:00,1,52
meta\main.js,256,js,b55d2e02,ChidiebereAgunanne,2026-05-08,16:34:46,-07:00,2026-05-08T16:34:46-07:00,0,0
meta\main.js,257,js,b55d2e02,ChidiebereAgunanne,2026-05-08,16:34:46,-07:00,2026-05-08T16:34:46-07:00,1,26
meta\main.js,258,js,b55d2e02,ChidiebereAgunanne,2026-05-08,16:34:46,-07:00,2026-05-08T16:34:46-07:00,2,4
meta\main.js,259,js,b55d2e02,ChidiebereAgunanne,2026-05-08,16:34:46,-07:00,2026-05-08T16:34:46-07:00,2,14
meta\main.js,260,js,b55d2e02,ChidiebereAgunanne,2026-05-08,16:34:46,-07:00,2026-05-08T16:34:46-07:00,2,11
meta\main.js,261,js,b55d2e02,ChidiebereAgunanne,2026-05-08,16:34:46,-07:00,2026-05-08T16:34:46-07:00,1,0
meta\main.js,262,js,b55d2e02,ChidiebereAgunanne,2026-05-08,16:34:46,-07:00,2026-05-08T16:34:46-07:00,0,0
meta\main.js,263,js,b55d2e02,ChidiebereAgunanne,2026-05-08,16:34:46,-07:00,2026-05-08T16:34:46-07:00,1,23
meta\main.js,264,js,b55d2e02,ChidiebereAgunanne,2026-05-08,16:34:46,-07:00,2026-05-08T16:34:46-07:00,0,0
meta\main.js,265,js,b55d2e02,ChidiebereAgunanne,2026-05-08,16:34:46,-07:00,2026-05-08T16:34:46-07:00,1,42
meta\main.js,266,js,b55d2e02,ChidiebereAgunanne,2026-05-08,16:34:46,-07:00,2026-05-08T16:34:46-07:00,2,38
meta\main.js,267,js,b55d2e02,ChidiebereAgunanne,2026-05-08,16:34:46,-07:00,2026-05-08T16:34:46-07:00,2,46
meta\main.js,268,js,b55d2e02,ChidiebereAgunanne,2026-05-08,16:34:46,-07:00,2026-05-08T16:34:46-07:00,0,0
meta\main.js,269,js,b55d2e02,ChidiebereAgunanne,2026-05-08,16:34:46,-07:00,2026-05-08T16:34:46-07:00,2,22
meta\main.js,270,js,b55d2e02,ChidiebereAgunanne,2026-05-08,16:34:46,-07:00,2026-05-08T16:34:46-07:00,3,18
meta\main.js,271,js,b55d2e02,ChidiebereAgunanne,2026-05-08,16:34:46,-07:00,2026-05-08T16:34:46-07:00,3,36
meta\main.js,272,js,b55d2e02,ChidiebereAgunanne,2026-05-08,16:34:46,-07:00,2026-05-08T16:34:46-07:00,2,0
meta\main.js,273,js,b55d2e02,ChidiebereAgunanne,2026-05-08,16:34:46,-07:00,2026-05-08T16:34:46-07:00,1,0
meta\main.js,274,js,57a4cc8b,ChidiebereAgunanne,2026-05-06,13:48:55,-07:00,2026-05-06T13:48:55-07:00,0,0
meta\main.js,275,js,57a4cc8b,ChidiebereAgunanne,2026-05-06,13:48:55,-07:00,2026-05-06T13:48:55-07:00,0,0
meta\main.js,276,js,57a4cc8b,ChidiebereAgunanne,2026-05-06,13:48:55,-07:00,2026-05-06T13:48:55-07:00,0,26
meta\main.js,277,js,b55d2e02,ChidiebereAgunanne,2026-05-08,16:34:46,-07:00,2026-05-08T16:34:46-07:00,0,29
meta\main.js,278,js,57a4cc8b,ChidiebereAgunanne,2026-05-06,13:48:55,-07:00,2026-05-06T13:48:55-07:00,0,0
meta\main.js,279,js,b55d2e02,ChidiebereAgunanne,2026-05-08,16:34:46,-07:00,2026-05-08T16:34:46-07:00,0,30
meta\main.js,280,js,52979f03,ChidiebereAgunanne,2026-05-21,12:06:13,-07:00,2026-05-21T12:06:13-07:00,0,31
meta\main.js,281,js,52979f03,ChidiebereAgunanne,2026-05-21,12:06:13,-07:00,2026-05-21T12:06:13-07:00,0,0
meta\main.js,282,js,52979f03,ChidiebereAgunanne,2026-05-21,12:06:13,-07:00,2026-05-21T12:06:13-07:00,0,0
meta\main.js,283,js,52979f03,ChidiebereAgunanne,2026-05-21,12:06:13,-07:00,2026-05-21T12:06:13-07:00,0,23
meta\main.js,284,js,52979f03,ChidiebereAgunanne,2026-05-21,12:06:13,-07:00,2026-05-21T12:06:13-07:00,0,16
meta\main.js,285,js,52979f03,ChidiebereAgunanne,2026-05-21,12:06:13,-07:00,2026-05-21T12:06:13-07:00,1,10
meta\main.js,286,js,52979f03,ChidiebereAgunanne,2026-05-21,12:06:13,-07:00,2026-05-21T12:06:13-07:00,1,7
meta\main.js,287,js,52979f03,ChidiebereAgunanne,2026-05-21,12:06:13,-07:00,2026-05-21T12:06:13-07:00,2,33
meta\main.js,288,js,52979f03,ChidiebereAgunanne,2026-05-21,12:06:13,-07:00,2026-05-21T12:06:13-07:00,2,33
meta\main.js,289,js,52979f03,ChidiebereAgunanne,2026-05-21,12:06:13,-07:00,2026-05-21T12:06:13-07:00,1,0
meta\main.js,290,js,52979f03,ChidiebereAgunanne,2026-05-21,12:06:13,-07:00,2026-05-21T12:06:13-07:00,1,15
meta\main.js,291,js,52979f03,ChidiebereAgunanne,2026-05-21,12:06:13,-07:00,2026-05-21T12:06:13-07:00,0,51
meta\main.js,292,js,52979f03,ChidiebereAgunanne,2026-05-21,12:06:13,-07:00,2026-05-21T12:06:13-07:00,0,60
meta\main.js,293,js,52979f03,ChidiebereAgunanne,2026-05-21,12:06:13,-07:00,2026-05-21T12:06:13-07:00,0,57
meta\main.js,294,js,52979f03,ChidiebereAgunanne,2026-05-21,12:06:13,-07:00,2026-05-21T12:06:13-07:00,0,0
meta\main.js,295,js,52979f03,ChidiebereAgunanne,2026-05-21,12:06:13,-07:00,2026-05-21T12:06:13-07:00,0,28
meta\main.js,296,js,52979f03,ChidiebereAgunanne,2026-05-21,12:06:13,-07:00,2026-05-21T12:06:13-07:00,0,0
meta\main.js,297,js,52979f03,ChidiebereAgunanne,2026-05-21,12:06:13,-07:00,2026-05-21T12:06:13-07:00,0,29
meta\main.js,298,js,52979f03,ChidiebereAgunanne,2026-05-21,12:06:13,-07:00,2026-05-21T12:06:13-07:00,1,33
meta\main.js,299,js,52979f03,ChidiebereAgunanne,2026-05-21,12:06:13,-07:00,2026-05-21T12:06:13-07:00,1,47
meta\main.js,300,js,52979f03,ChidiebereAgunanne,2026-05-21,12:06:13,-07:00,2026-05-21T12:06:13-07:00,1,63
meta\main.js,301,js,52979f03,ChidiebereAgunanne,2026-05-21,12:06:13,-07:00,2026-05-21T12:06:13-07:00,1,16
meta\main.js,302,js,52979f03,ChidiebereAgunanne,2026-05-21,12:06:13,-07:00,2026-05-21T12:06:13-07:00,1,17
meta\main.js,303,js,52979f03,ChidiebereAgunanne,2026-05-21,12:06:13,-07:00,2026-05-21T12:06:13-07:00,1,1
meta\main.js,304,js,52979f03,ChidiebereAgunanne,2026-05-21,12:06:13,-07:00,2026-05-21T12:06:13-07:00,1,67
meta\main.js,305,js,52979f03,ChidiebereAgunanne,2026-05-21,12:06:13,-07:00,2026-05-21T12:06:13-07:00,1,39
meta\main.js,306,js,52979f03,ChidiebereAgunanne,2026-05-21,12:06:13,-07:00,2026-05-21T12:06:13-07:00,1,38
meta\main.js,307,js,52979f03,ChidiebereAgunanne,2026-05-21,12:06:13,-07:00,2026-05-21T12:06:13-07:00,1,33
meta\main.js,308,js,52979f03,ChidiebereAgunanne,2026-05-21,12:06:13,-07:00,2026-05-21T12:06:13-07:00,0,0
meta\main.js,309,js,52979f03,ChidiebereAgunanne,2026-05-21,12:06:13,-07:00,2026-05-21T12:06:13-07:00,0,0
meta\main.js,310,js,52979f03,ChidiebereAgunanne,2026-05-21,12:06:13,-07:00,2026-05-21T12:06:13-07:00,0,55
meta\main.js,311,js,52979f03,ChidiebereAgunanne,2026-05-21,12:06:13,-07:00,2026-05-21T12:06:13-07:00,0,19
meta\main.js,312,js,52979f03,ChidiebereAgunanne,2026-05-21,12:06:13,-07:00,2026-05-21T12:06:13-07:00,0,0
meta\main.js,313,js,52979f03,ChidiebereAgunanne,2026-05-21,12:06:13,-07:00,2026-05-21T12:06:13-07:00,0,41
meta\main.js,314,js,52979f03,ChidiebereAgunanne,2026-05-21,12:06:13,-07:00,2026-05-21T12:06:13-07:00,1,17
meta\main.js,315,js,52979f03,ChidiebereAgunanne,2026-05-21,12:06:13,-07:00,2026-05-21T12:06:13-07:00,1,17
meta\main.js,316,js,52979f03,ChidiebereAgunanne,2026-05-21,12:06:13,-07:00,2026-05-21T12:06:13-07:00,1,58
meta\main.js,317,js,52979f03,ChidiebereAgunanne,2026-05-21,12:06:13,-07:00,2026-05-21T12:06:13-07:00,1,18
meta\main.js,318,js,52979f03,ChidiebereAgunanne,2026-05-21,12:06:13,-07:00,2026-05-21T12:06:13-07:00,2,14
meta\main.js,319,js,52979f03,ChidiebereAgunanne,2026-05-21,12:06:13,-07:00,2026-05-21T12:06:13-07:00,2,26
meta\main.js,320,js,52979f03,ChidiebereAgunanne,2026-05-21,12:06:13,-07:00,2026-05-21T12:06:13-07:00,2,29
meta\main.js,321,js,52979f03,ChidiebereAgunanne,2026-05-21,12:06:13,-07:00,2026-05-21T12:06:13-07:00,2,16
meta\main.js,322,js,52979f03,ChidiebereAgunanne,2026-05-21,12:06:13,-07:00,2026-05-21T12:06:13-07:00,2,40
meta\main.js,323,js,52979f03,ChidiebereAgunanne,2026-05-21,12:06:13,-07:00,2026-05-21T12:06:13-07:00,2,42
meta\main.js,324,js,52979f03,ChidiebereAgunanne,2026-05-21,12:06:13,-07:00,2026-05-21T12:06:13-07:00,1,0
meta\main.js,325,js,52979f03,ChidiebereAgunanne,2026-05-21,12:06:13,-07:00,2026-05-21T12:06:13-07:00,0,0
meta\main.js,326,js,52979f03,ChidiebereAgunanne,2026-05-21,12:06:13,-07:00,2026-05-21T12:06:13-07:00,1,44
meta\main.js,327,js,52979f03,ChidiebereAgunanne,2026-05-21,12:06:13,-07:00,2026-05-21T12:06:13-07:00,0,0
meta\main.js,328,js,52979f03,ChidiebereAgunanne,2026-05-21,12:06:13,-07:00,2026-05-21T12:06:13-07:00,1,60
meta\main.js,329,js,52979f03,ChidiebereAgunanne,2026-05-21,12:06:13,-07:00,2026-05-21T12:06:13-07:00,0,0
meta\main.js,330,js,52979f03,ChidiebereAgunanne,2026-05-21,12:06:13,-07:00,2026-05-21T12:06:13-07:00,1,67
meta\main.js,331,js,52979f03,ChidiebereAgunanne,2026-05-21,12:06:13,-07:00,2026-05-21T12:06:13-07:00,1,72
meta\main.js,332,js,52979f03,ChidiebereAgunanne,2026-05-21,12:06:13,-07:00,2026-05-21T12:06:13-07:00,1,34
meta\main.js,333,js,52979f03,ChidiebereAgunanne,2026-05-21,12:06:13,-07:00,2026-05-21T12:06:13-07:00,1,40
meta\main.js,334,js,52979f03,ChidiebereAgunanne,2026-05-21,12:06:13,-07:00,2026-05-21T12:06:13-07:00,1,33
meta\main.js,335,js,52979f03,ChidiebereAgunanne,2026-05-21,12:06:13,-07:00,2026-05-21T12:06:13-07:00,1,21
meta\main.js,336,js,52979f03,ChidiebereAgunanne,2026-05-21,12:06:13,-07:00,2026-05-21T12:06:13-07:00,0,0
meta\main.js,337,js,52979f03,ChidiebereAgunanne,2026-05-21,12:06:13,-07:00,2026-05-21T12:06:13-07:00,1,32
meta\main.js,338,js,52979f03,ChidiebereAgunanne,2026-05-21,12:06:13,-07:00,2026-05-21T12:06:13-07:00,0,0
meta\main.js,339,js,52979f03,ChidiebereAgunanne,2026-05-21,12:06:13,-07:00,2026-05-21T12:06:13-07:00,1,59
meta\main.js,340,js,52979f03,ChidiebereAgunanne,2026-05-21,12:06:13,-07:00,2026-05-21T12:06:13-07:00,1,2
meta\main.js,341,js,52979f03,ChidiebereAgunanne,2026-05-21,12:06:13,-07:00,2026-05-21T12:06:13-07:00,2,18
meta\main.js,342,js,52979f03,ChidiebereAgunanne,2026-05-21,12:06:13,-07:00,2026-05-21T12:06:13-07:00,2,31
meta\main.js,343,js,52979f03,ChidiebereAgunanne,2026-05-21,12:06:13,-07:00,2026-05-21T12:06:13-07:00,2,13
meta\main.js,344,js,52979f03,ChidiebereAgunanne,2026-05-21,12:06:13,-07:00,2026-05-21T12:06:13-07:00,2,36
meta\main.js,345,js,52979f03,ChidiebereAgunanne,2026-05-21,12:06:13,-07:00,2026-05-21T12:06:13-07:00,2,36
meta\main.js,346,js,52979f03,ChidiebereAgunanne,2026-05-21,12:06:13,-07:00,2026-05-21T12:06:13-07:00,2,37
meta\main.js,347,js,52979f03,ChidiebereAgunanne,2026-05-21,12:06:13,-07:00,2026-05-21T12:06:13-07:00,2,24
meta\main.js,348,js,52979f03,ChidiebereAgunanne,2026-05-21,12:06:13,-07:00,2026-05-21T12:06:13-07:00,2,66
meta\main.js,349,js,52979f03,ChidiebereAgunanne,2026-05-21,12:06:13,-07:00,2026-05-21T12:06:13-07:00,2,36
meta\main.js,350,js,52979f03,ChidiebereAgunanne,2026-05-21,12:06:13,-07:00,2026-05-21T12:06:13-07:00,3,79
meta\main.js,351,js,52979f03,ChidiebereAgunanne,2026-05-21,12:06:13,-07:00,2026-05-21T12:06:13-07:00,3,27
meta\main.js,352,js,52979f03,ChidiebereAgunanne,2026-05-21,12:06:13,-07:00,2026-05-21T12:06:13-07:00,3,28
meta\main.js,353,js,52979f03,ChidiebereAgunanne,2026-05-21,12:06:13,-07:00,2026-05-21T12:06:13-07:00,3,27
meta\main.js,354,js,52979f03,ChidiebereAgunanne,2026-05-21,12:06:13,-07:00,2026-05-21T12:06:13-07:00,2,0
meta\main.js,355,js,52979f03,ChidiebereAgunanne,2026-05-21,12:06:13,-07:00,2026-05-21T12:06:13-07:00,2,28
meta\main.js,356,js,52979f03,ChidiebereAgunanne,2026-05-21,12:06:13,-07:00,2026-05-21T12:06:13-07:00,3,56
meta\main.js,357,js,52979f03,ChidiebereAgunanne,2026-05-21,12:06:13,-07:00,2026-05-21T12:06:13-07:00,3,29
meta\main.js,358,js,52979f03,ChidiebereAgunanne,2026-05-21,12:06:13,-07:00,2026-05-21T12:06:13-07:00,2,1
meta\main.js,359,js,52979f03,ChidiebereAgunanne,2026-05-21,12:06:13,-07:00,2026-05-21T12:06:13-07:00,0,0
meta\main.js,360,js,52979f03,ChidiebereAgunanne,2026-05-21,12:06:13,-07:00,2026-05-21T12:06:13-07:00,0,0
meta\main.js,361,js,52979f03,ChidiebereAgunanne,2026-05-21,12:06:13,-07:00,2026-05-21T12:06:13-07:00,0,0
meta\main.js,362,js,52979f03,ChidiebereAgunanne,2026-05-21,12:06:13,-07:00,2026-05-21T12:06:13-07:00,0,42
meta\main.js,363,js,52979f03,ChidiebereAgunanne,2026-05-21,12:06:13,-07:00,2026-05-21T12:06:13-07:00,1,50
meta\main.js,364,js,52979f03,ChidiebereAgunanne,2026-05-21,12:06:13,-07:00,2026-05-21T12:06:13-07:00,1,12
meta\main.js,365,js,52979f03,ChidiebereAgunanne,2026-05-21,12:06:13,-07:00,2026-05-21T12:06:13-07:00,2,27
meta\main.js,366,js,52979f03,ChidiebereAgunanne,2026-05-21,12:06:13,-07:00,2026-05-21T12:06:13-07:00,2,23
meta\main.js,367,js,52979f03,ChidiebereAgunanne,2026-05-21,12:06:13,-07:00,2026-05-21T12:06:13-07:00,3,21
meta\main.js,368,js,52979f03,ChidiebereAgunanne,2026-05-21,12:06:13,-07:00,2026-05-21T12:06:13-07:00,2,0
meta\main.js,369,js,52979f03,ChidiebereAgunanne,2026-05-21,12:06:13,-07:00,2026-05-21T12:06:13-07:00,2,47
meta\main.js,370,js,52979f03,ChidiebereAgunanne,2026-05-21,12:06:13,-07:00,2026-05-21T12:06:13-07:00,1,21
meta\main.js,371,js,52979f03,ChidiebereAgunanne,2026-05-21,12:06:13,-07:00,2026-05-21T12:06:13-07:00,2,15
meta\main.js,372,js,52979f03,ChidiebereAgunanne,2026-05-21,12:06:13,-07:00,2026-05-21T12:06:13-07:00,2,20
meta\main.js,373,js,52979f03,ChidiebereAgunanne,2026-05-21,12:06:13,-07:00,2026-05-21T12:06:13-07:00,2,25
meta\main.js,374,js,52979f03,ChidiebereAgunanne,2026-05-21,12:06:13,-07:00,2026-05-21T12:06:13-07:00,2,4
meta\main.js,375,js,52979f03,ChidiebereAgunanne,2026-05-21,12:06:13,-07:00,2026-05-21T12:06:13-07:00,2,55
meta\main.js,376,js,52979f03,ChidiebereAgunanne,2026-05-21,12:06:13,-07:00,2026-05-21T12:06:13-07:00,2,10
meta\main.js,377,js,52979f03,ChidiebereAgunanne,2026-05-21,12:06:13,-07:00,2026-05-21T12:06:13-07:00,3,52
meta\main.js,378,js,52979f03,ChidiebereAgunanne,2026-05-21,12:06:13,-07:00,2026-05-21T12:06:13-07:00,0,0
meta\main.js,379,js,52979f03,ChidiebereAgunanne,2026-05-21,12:06:13,-07:00,2026-05-21T12:06:13-07:00,4,30
meta\main.js,380,js,52979f03,ChidiebereAgunanne,2026-05-21,12:06:13,-07:00,2026-05-21T12:06:13-07:00,4,15
meta\main.js,381,js,52979f03,ChidiebereAgunanne,2026-05-21,12:06:13,-07:00,2026-05-21T12:06:13-07:00,0,0
meta\main.js,382,js,52979f03,ChidiebereAgunanne,2026-05-21,12:06:13,-07:00,2026-05-21T12:06:13-07:00,4,9
meta\main.js,383,js,52979f03,ChidiebereAgunanne,2026-05-21,12:06:13,-07:00,2026-05-21T12:06:13-07:00,3,0
meta\main.js,384,js,52979f03,ChidiebereAgunanne,2026-05-21,12:06:13,-07:00,2026-05-21T12:06:13-07:00,3,17
meta\main.js,385,js,52979f03,ChidiebereAgunanne,2026-05-21,12:06:13,-07:00,2026-05-21T12:06:13-07:00,3,21
meta\main.js,386,js,52979f03,ChidiebereAgunanne,2026-05-21,12:06:13,-07:00,2026-05-21T12:06:13-07:00,1,0
meta\main.js,387,js,52979f03,ChidiebereAgunanne,2026-05-21,12:06:13,-07:00,2026-05-21T12:06:13-07:00,0,31
meta\main.js,388,js,52979f03,ChidiebereAgunanne,2026-05-21,12:06:13,-07:00,2026-05-21T12:06:13-07:00,1,12
meta\main.js,389,js,52979f03,ChidiebereAgunanne,2026-05-21,12:06:13,-07:00,2026-05-21T12:06:13-07:00,1,11
meta\main.js,390,js,52979f03,ChidiebereAgunanne,2026-05-21,12:06:13,-07:00,2026-05-21T12:06:13-07:00,1,12
meta\main.js,391,js,52979f03,ChidiebereAgunanne,2026-05-21,12:06:13,-07:00,2026-05-21T12:06:13-07:00,2,20
meta\main.js,392,js,52979f03,ChidiebereAgunanne,2026-05-21,12:06:13,-07:00,2026-05-21T12:06:13-07:00,2,82
meta\main.js,393,js,52979f03,ChidiebereAgunanne,2026-05-21,12:06:13,-07:00,2026-05-21T12:06:13-07:00,1,1
meta\main.js,394,js,52979f03,ChidiebereAgunanne,2026-05-21,12:06:13,-07:00,2026-05-21T12:06:13-07:00,0,0
meta\main.js,395,js,52979f03,ChidiebereAgunanne,2026-05-21,12:06:13,-07:00,2026-05-21T12:06:13-07:00,1,12
meta\main.js,396,js,52979f03,ChidiebereAgunanne,2026-05-21,12:06:13,-07:00,2026-05-21T12:06:13-07:00,2,11
meta\main.js,397,js,52979f03,ChidiebereAgunanne,2026-05-21,12:06:13,-07:00,2026-05-21T12:06:13-07:00,2,19
meta\main.js,398,js,52979f03,ChidiebereAgunanne,2026-05-21,12:06:13,-07:00,2026-05-21T12:06:13-07:00,2,19
meta\main.js,399,js,52979f03,ChidiebereAgunanne,2026-05-21,12:06:13,-07:00,2026-05-21T12:06:13-07:00,2,10
meta\main.js,400,js,52979f03,ChidiebereAgunanne,2026-05-21,12:06:13,-07:00,2026-05-21T12:06:13-07:00,2,19
meta\main.js,401,js,52979f03,ChidiebereAgunanne,2026-05-21,12:06:13,-07:00,2026-05-21T12:06:13-07:00,2,49
meta\main.js,402,js,52979f03,ChidiebereAgunanne,2026-05-21,12:06:13,-07:00,2026-05-21T12:06:13-07:00,0,0
meta\main.js,403,js,d148af7c,ChidiebereAgunanne,2026-05-22,15:39:06,-07:00,2026-05-22T15:39:06-07:00,0,0
meta\main.js,404,js,d148af7c,ChidiebereAgunanne,2026-05-22,15:39:06,-07:00,2026-05-22T15:39:06-07:00,0,25
meta\main.js,405,js,d148af7c,ChidiebereAgunanne,2026-05-22,15:39:06,-07:00,2026-05-22T15:39:06-07:00,1,17
meta\main.js,406,js,d148af7c,ChidiebereAgunanne,2026-05-22,15:39:06,-07:00,2026-05-22T15:39:06-07:00,1,12
meta\main.js,407,js,d148af7c,ChidiebereAgunanne,2026-05-22,15:39:06,-07:00,2026-05-22T15:39:06-07:00,1,10
meta\main.js,408,js,d148af7c,ChidiebereAgunanne,2026-05-22,15:39:06,-07:00,2026-05-22T15:39:06-07:00,1,20
meta\main.js,409,js,d148af7c,ChidiebereAgunanne,2026-05-22,15:39:06,-07:00,2026-05-22T15:39:06-07:00,1,4
meta\main.js,410,js,d148af7c,ChidiebereAgunanne,2026-05-22,15:39:06,-07:00,2026-05-22T15:39:06-07:00,2,9
meta\main.js,411,js,d148af7c,ChidiebereAgunanne,2026-05-22,15:39:06,-07:00,2026-05-22T15:39:06-07:00,0,36
meta\main.js,412,js,d148af7c,ChidiebereAgunanne,2026-05-22,15:39:06,-07:00,2026-05-22T15:39:06-07:00,3,16
meta\main.js,413,js,d148af7c,ChidiebereAgunanne,2026-05-22,15:39:06,-07:00,2026-05-22T15:39:06-07:00,3,17
meta\main.js,414,js,d148af7c,ChidiebereAgunanne,2026-05-22,15:39:06,-07:00,2026-05-22T15:39:06-07:00,2,2
meta\main.js,415,js,d148af7c,ChidiebereAgunanne,2026-05-22,15:39:06,-07:00,2026-05-22T15:39:06-07:00,0,40
meta\main.js,416,js,d148af7c,ChidiebereAgunanne,2026-05-22,15:39:06,-07:00,2026-05-22T15:39:06-07:00,1,41
meta\main.js,417,js,d148af7c,ChidiebereAgunanne,2026-05-22,15:39:06,-07:00,2026-05-22T15:39:06-07:00,1,3
meta\main.js,418,js,d148af7c,ChidiebereAgunanne,2026-05-22,15:39:06,-07:00,2026-05-22T15:39:06-07:00,1,37
meta\main.js,419,js,d148af7c,ChidiebereAgunanne,2026-05-22,15:39:06,-07:00,2026-05-22T15:39:06-07:00,1,38
meta\main.js,420,js,d148af7c,ChidiebereAgunanne,2026-05-22,15:39:06,-07:00,2026-05-22T15:39:06-07:00,1,6
meta\main.js,421,js,d148af7c,ChidiebereAgunanne,2026-05-22,15:39:06,-07:00,2026-05-22T15:39:06-07:00,0,0
meta\main.js,422,js,d148af7c,ChidiebereAgunanne,2026-05-22,15:39:06,-07:00,2026-05-22T15:39:06-07:00,1,0
meta\main.js,423,js,d148af7c,ChidiebereAgunanne,2026-05-22,15:39:06,-07:00,2026-05-22T15:39:06-07:00,0,0
meta\main.js,424,js,d148af7c,ChidiebereAgunanne,2026-05-22,15:39:06,-07:00,2026-05-22T15:39:06-07:00,0,30
meta\main.js,425,js,d148af7c,ChidiebereAgunanne,2026-05-22,15:39:06,-07:00,2026-05-22T15:39:06-07:00,1,46
meta\main.js,426,js,d148af7c,ChidiebereAgunanne,2026-05-22,15:39:06,-07:00,2026-05-22T15:39:06-07:00,0,0
meta\main.js,427,js,d148af7c,ChidiebereAgunanne,2026-05-22,15:39:06,-07:00,2026-05-22T15:39:06-07:00,1,31
meta\main.js,428,js,d148af7c,ChidiebereAgunanne,2026-05-22,15:39:06,-07:00,2026-05-22T15:39:06-07:00,2,41
meta\main.js,429,js,d148af7c,ChidiebereAgunanne,2026-05-22,15:39:06,-07:00,2026-05-22T15:39:06-07:00,1,0
meta\main.js,430,js,d148af7c,ChidiebereAgunanne,2026-05-22,15:39:06,-07:00,2026-05-22T15:39:06-07:00,0,0
meta\main.js,431,js,d148af7c,ChidiebereAgunanne,2026-05-22,15:39:06,-07:00,2026-05-22T15:39:06-07:00,1,39
meta\main.js,432,js,d148af7c,ChidiebereAgunanne,2026-05-22,15:39:06,-07:00,2026-05-22T15:39:06-07:00,1,38
meta\main.js,433,js,d148af7c,ChidiebereAgunanne,2026-05-22,15:39:06,-07:00,2026-05-22T15:39:06-07:00,1,33
meta\main.js,434,js,d148af7c,ChidiebereAgunanne,2026-05-22,15:39:06,-07:00,2026-05-22T15:39:06-07:00,0,0
meta\main.js,435,js,d148af7c,ChidiebereAgunanne,2026-05-22,15:39:06,-07:00,2026-05-22T15:39:06-07:00,1,72
meta\main.js,436,js,d148af7c,ChidiebereAgunanne,2026-05-22,15:39:06,-07:00,2026-05-22T15:39:06-07:00,2,16
meta\main.js,437,js,d148af7c,ChidiebereAgunanne,2026-05-22,15:39:06,-07:00,2026-05-22T15:39:06-07:00,2,17
meta\main.js,438,js,d148af7c,ChidiebereAgunanne,2026-05-22,15:39:06,-07:00,2026-05-22T15:39:06-07:00,1,1
meta\main.js,439,js,d148af7c,ChidiebereAgunanne,2026-05-22,15:39:06,-07:00,2026-05-22T15:39:06-07:00,0,0
meta\main.js,440,js,d148af7c,ChidiebereAgunanne,2026-05-22,15:39:06,-07:00,2026-05-22T15:39:06-07:00,0,0
meta\main.js,441,js,d148af7c,ChidiebereAgunanne,2026-05-22,15:39:06,-07:00,2026-05-22T15:39:06-07:00,0,27
meta\main.js,442,js,d148af7c,ChidiebereAgunanne,2026-05-22,15:39:06,-07:00,2026-05-22T15:39:06-07:00,0,6
meta\main.js,443,js,d148af7c,ChidiebereAgunanne,2026-05-22,15:39:06,-07:00,2026-05-22T15:39:06-07:00,1,6
meta\main.js,444,js,d148af7c,ChidiebereAgunanne,2026-05-22,15:39:06,-07:00,2026-05-22T15:39:06-07:00,2,22
meta\main.js,445,js,d148af7c,ChidiebereAgunanne,2026-05-22,15:39:06,-07:00,2026-05-22T15:39:06-07:00,2,23
meta\main.js,446,js,d148af7c,ChidiebereAgunanne,2026-05-22,15:39:06,-07:00,2026-05-22T15:39:06-07:00,1,0
meta\main.js,447,js,d148af7c,ChidiebereAgunanne,2026-05-22,15:39:06,-07:00,2026-05-22T15:39:06-07:00,1,24
meta\index.html,1,html,57a4cc8b,ChidiebereAgunanne,2026-05-06,13:48:55,-07:00,2026-05-06T13:48:55-07:00,0,13
meta\index.html,2,html,57a4cc8b,ChidiebereAgunanne,2026-05-06,13:48:55,-07:00,2026-05-06T13:48:55-07:00,0,14
meta\index.html,3,html,57a4cc8b,ChidiebereAgunanne,2026-05-06,13:48:55,-07:00,2026-05-06T13:48:55-07:00,0,4
meta\index.html,4,html,d148af7c,ChidiebereAgunanne,2026-05-22,15:39:06,-07:00,2026-05-22T15:39:06-07:00,1,20
meta\index.html,5,html,d148af7c,ChidiebereAgunanne,2026-05-22,15:39:06,-07:00,2026-05-22T15:39:06-07:00,1,68
meta\index.html,6,html,d148af7c,ChidiebereAgunanne,2026-05-22,15:39:06,-07:00,2026-05-22T15:39:06-07:00,1,17
meta\index.html,7,html,d148af7c,ChidiebereAgunanne,2026-05-22,15:39:06,-07:00,2026-05-22T15:39:06-07:00,1,41
meta\index.html,8,html,d148af7c,ChidiebereAgunanne,2026-05-22,15:39:06,-07:00,2026-05-22T15:39:06-07:00,1,48
meta\index.html,9,html,d148af7c,ChidiebereAgunanne,2026-05-22,15:39:06,-07:00,2026-05-22T15:39:06-07:00,1,43
meta\index.html,10,html,57a4cc8b,ChidiebereAgunanne,2026-05-06,13:48:55,-07:00,2026-05-06T13:48:55-07:00,0,5
meta\index.html,11,html,d148af7c,ChidiebereAgunanne,2026-05-22,15:39:06,-07:00,2026-05-22T15:39:06-07:00,0,0
meta\index.html,12,html,57a4cc8b,ChidiebereAgunanne,2026-05-06,13:48:55,-07:00,2026-05-06T13:48:55-07:00,0,4
meta\index.html,13,html,d148af7c,ChidiebereAgunanne,2026-05-22,15:39:06,-07:00,2026-05-22T15:39:06-07:00,1,6
meta\index.html,14,html,d148af7c,ChidiebereAgunanne,2026-05-22,15:39:06,-07:00,2026-05-22T15:39:06-07:00,2,11
meta\index.html,15,html,d148af7c,ChidiebereAgunanne,2026-05-22,15:39:06,-07:00,2026-05-22T15:39:06-07:00,1,7
meta\index.html,16,html,d148af7c,ChidiebereAgunanne,2026-05-22,15:39:06,-07:00,2026-05-22T15:39:06-07:00,0,0
meta\index.html,17,html,d148af7c,ChidiebereAgunanne,2026-05-22,15:39:06,-07:00,2026-05-22T15:39:06-07:00,1,4
meta\index.html,18,html,d148af7c,ChidiebereAgunanne,2026-05-22,15:39:06,-07:00,2026-05-22T15:39:06-07:00,2,27
meta\index.html,19,html,d148af7c,ChidiebereAgunanne,2026-05-22,15:39:06,-07:00,2026-05-22T15:39:06-07:00,1,5
meta\index.html,20,html,d148af7c,ChidiebereAgunanne,2026-05-22,15:39:06,-07:00,2026-05-22T15:39:06-07:00,0,0
meta\index.html,21,html,d148af7c,ChidiebereAgunanne,2026-05-22,15:39:06,-07:00,2026-05-22T15:39:06-07:00,1,20
meta\index.html,22,html,d148af7c,ChidiebereAgunanne,2026-05-22,15:39:06,-07:00,2026-05-22T15:39:06-07:00,0,0
meta\index.html,23,html,d148af7c,ChidiebereAgunanne,2026-05-22,15:39:06,-07:00,2026-05-22T15:39:06-07:00,1,29
meta\index.html,24,html,d148af7c,ChidiebereAgunanne,2026-05-22,15:39:06,-07:00,2026-05-22T15:39:06-07:00,0,0
meta\index.html,25,html,d148af7c,ChidiebereAgunanne,2026-05-22,15:39:06,-07:00,2026-05-22T15:39:06-07:00,0,18
meta\index.html,26,html,d148af7c,ChidiebereAgunanne,2026-05-22,15:39:06,-07:00,2026-05-22T15:39:06-07:00,1,22
meta\index.html,27,html,d148af7c,ChidiebereAgunanne,2026-05-22,15:39:06,-07:00,2026-05-22T15:39:06-07:00,2,55
meta\index.html,28,html,d148af7c,ChidiebereAgunanne,2026-05-22,15:39:06,-07:00,2026-05-22T15:39:06-07:00,1,4
meta\index.html,29,html,d148af7c,ChidiebereAgunanne,2026-05-22,15:39:06,-07:00,2026-05-22T15:39:06-07:00,0,0
meta\index.html,30,html,d148af7c,ChidiebereAgunanne,2026-05-22,15:39:06,-07:00,2026-05-22T15:39:06-07:00,1,21
meta\index.html,31,html,52979f03,ChidiebereAgunanne,2026-05-21,12:06:13,-07:00,2026-05-21T12:06:13-07:00,2,24
meta\index.html,32,html,d148af7c,ChidiebereAgunanne,2026-05-22,15:39:06,-07:00,2026-05-22T15:39:06-07:00,3,27
meta\index.html,33,html,d148af7c,ChidiebereAgunanne,2026-05-22,15:39:06,-07:00,2026-05-22T15:39:06-07:00,4,17
meta\index.html,34,html,d148af7c,ChidiebereAgunanne,2026-05-22,15:39:06,-07:00,2026-05-22T15:39:06-07:00,4,69
meta\index.html,35,html,d148af7c,ChidiebereAgunanne,2026-05-22,15:39:06,-07:00,2026-05-22T15:39:06-07:00,4,28
meta\index.html,36,html,d148af7c,ChidiebereAgunanne,2026-05-22,15:39:06,-07:00,2026-05-22T15:39:06-07:00,3,6
meta\index.html,37,html,52979f03,ChidiebereAgunanne,2026-05-21,12:06:13,-07:00,2026-05-21T12:06:13-07:00,2,4
meta\index.html,38,html,52979f03,ChidiebereAgunanne,2026-05-21,12:06:13,-07:00,2026-05-21T12:06:13-07:00,0,0
meta\index.html,39,html,57a4cc8b,ChidiebereAgunanne,2026-05-06,13:48:55,-07:00,2026-05-06T13:48:55-07:00,2,20
meta\index.html,40,html,b55d2e02,ChidiebereAgunanne,2026-05-08,16:34:46,-07:00,2026-05-08T16:34:46-07:00,0,0
meta\index.html,41,html,d148af7c,ChidiebereAgunanne,2026-05-22,15:39:06,-07:00,2026-05-22T15:39:06-07:00,2,50
meta\index.html,42,html,d148af7c,ChidiebereAgunanne,2026-05-22,15:39:06,-07:00,2026-05-22T15:39:06-07:00,3,13
meta\index.html,43,html,d148af7c,ChidiebereAgunanne,2026-05-22,15:39:06,-07:00,2026-05-22T15:39:06-07:00,3,2
meta\index.html,44,html,d148af7c,ChidiebereAgunanne,2026-05-22,15:39:06,-07:00,2026-05-22T15:39:06-07:00,4,46
meta\index.html,45,html,d148af7c,ChidiebereAgunanne,2026-05-22,15:39:06,-07:00,2026-05-22T15:39:06-07:00,3,3
meta\index.html,46,html,b55d2e02,ChidiebereAgunanne,2026-05-08,16:34:46,-07:00,2026-05-08T16:34:46-07:00,0,0
meta\index.html,47,html,d148af7c,ChidiebereAgunanne,2026-05-22,15:39:06,-07:00,2026-05-22T15:39:06-07:00,3,11
meta\index.html,48,html,d148af7c,ChidiebereAgunanne,2026-05-22,15:39:06,-07:00,2026-05-22T15:39:06-07:00,3,24
meta\index.html,49,html,b55d2e02,ChidiebereAgunanne,2026-05-08,16:34:46,-07:00,2026-05-08T16:34:46-07:00,2,3
meta\index.html,50,html,d148af7c,ChidiebereAgunanne,2026-05-22,15:39:06,-07:00,2026-05-22T15:39:06-07:00,0,0
meta\index.html,51,html,b55d2e02,ChidiebereAgunanne,2026-05-08,16:34:46,-07:00,2026-05-08T16:34:46-07:00,2,45
meta\index.html,52,html,d148af7c,ChidiebereAgunanne,2026-05-22,15:39:06,-07:00,2026-05-22T15:39:06-07:00,2,45
meta\index.html,53,html,d148af7c,ChidiebereAgunanne,2026-05-22,15:39:06,-07:00,2026-05-22T15:39:06-07:00,1,4
meta\index.html,54,html,d148af7c,ChidiebereAgunanne,2026-05-22,15:39:06,-07:00,2026-05-22T15:39:06-07:00,0,4
meta\index.html,55,html,d148af7c,ChidiebereAgunanne,2026-05-22,15:39:06,-07:00,2026-05-22T15:39:06-07:00,0,0
meta\index.html,56,html,d148af7c,ChidiebereAgunanne,2026-05-22,15:39:06,-07:00,2026-05-22T15:39:06-07:00,0,26
meta\index.html,57,html,d148af7c,ChidiebereAgunanne,2026-05-22,15:39:06,-07:00,2026-05-22T15:39:06-07:00,1,19
meta\index.html,58,html,d148af7c,ChidiebereAgunanne,2026-05-22,15:39:06,-07:00,2026-05-22T15:39:06-07:00,0,0
meta\index.html,59,html,d148af7c,ChidiebereAgunanne,2026-05-22,15:39:06,-07:00,2026-05-22T15:39:06-07:00,1,32
meta\index.html,60,html,d148af7c,ChidiebereAgunanne,2026-05-22,15:39:06,-07:00,2026-05-22T15:39:06-07:00,2,16
meta\index.html,61,html,d148af7c,ChidiebereAgunanne,2026-05-22,15:39:06,-07:00,2026-05-22T15:39:06-07:00,2,25
meta\index.html,62,html,d148af7c,ChidiebereAgunanne,2026-05-22,15:39:06,-07:00,2026-05-22T15:39:06-07:00,1,3
meta\index.html,63,html,d148af7c,ChidiebereAgunanne,2026-05-22,15:39:06,-07:00,2026-05-22T15:39:06-07:00,0,0
meta\index.html,64,html,d148af7c,ChidiebereAgunanne,2026-05-22,15:39:06,-07:00,2026-05-22T15:39:06-07:00,1,13
meta\index.html,65,html,d148af7c,ChidiebereAgunanne,2026-05-22,15:39:06,-07:00,2026-05-22T15:39:06-07:00,2,27
meta\index.html,66,html,d148af7c,ChidiebereAgunanne,2026-05-22,15:39:06,-07:00,2026-05-22T15:39:06-07:00,1,3
meta\index.html,67,html,d148af7c,ChidiebereAgunanne,2026-05-22,15:39:06,-07:00,2026-05-22T15:39:06-07:00,0,8
meta\index.html,68,html,57a4cc8b,ChidiebereAgunanne,2026-05-06,13:48:55,-07:00,2026-05-06T13:48:55-07:00,0,5
meta\index.html,69,html,57a4cc8b,ChidiebereAgunanne,2026-05-06,13:48:55,-07:00,2026-05-06T13:48:55-07:00,0,5
contact\index.html,1,html,ab1dd98f,ChidiebereAgunanne,2026-04-02,16:52:49,-07:00,2026-04-02T16:52:49-07:00,0,13
contact\index.html,2,html,ab1dd98f,ChidiebereAgunanne,2026-04-02,16:52:49,-07:00,2026-04-02T16:52:49-07:00,0,14
contact\index.html,3,html,ab1dd98f,ChidiebereAgunanne,2026-04-02,16:52:49,-07:00,2026-04-02T16:52:49-07:00,0,4
contact\index.html,4,html,ab1dd98f,ChidiebereAgunanne,2026-04-02,16:52:49,-07:00,2026-04-02T16:52:49-07:00,2,20
contact\index.html,5,html,ab1dd98f,ChidiebereAgunanne,2026-04-02,16:52:49,-07:00,2026-04-02T16:52:49-07:00,2,68
contact\index.html,6,html,ab1dd98f,ChidiebereAgunanne,2026-04-02,16:52:49,-07:00,2026-04-02T16:52:49-07:00,2,20
contact\index.html,7,html,62c72d2b,ChidiebereAgunanne,2026-04-07,17:23:53,-07:00,2026-04-07T17:23:53-07:00,2,41
contact\index.html,8,html,6c0fff36,ChidiebereAgunanne,2026-04-14,16:56:41,-07:00,2026-04-14T16:56:41-07:00,2,48
contact\index.html,9,html,632ff36f,ChidiebereAgunanne,2026-04-22,13:36:19,-07:00,2026-04-22T13:36:19-07:00,2,46
contact\index.html,10,html,ab1dd98f,ChidiebereAgunanne,2026-04-02,16:52:49,-07:00,2026-04-02T16:52:49-07:00,0,5
contact\index.html,11,html,ab1dd98f,ChidiebereAgunanne,2026-04-02,16:52:49,-07:00,2026-04-02T16:52:49-07:00,0,4
contact\index.html,12,html,6c0fff36,ChidiebereAgunanne,2026-04-14,16:56:41,-07:00,2026-04-14T16:56:41-07:00,2,0
contact\index.html,13,html,ab1dd98f,ChidiebereAgunanne,2026-04-02,16:52:49,-07:00,2026-04-02T16:52:49-07:00,2,14
contact\index.html,14,html,632ff36f,ChidiebereAgunanne,2026-04-22,13:36:19,-07:00,2026-04-22T13:36:19-07:00,2,49
contact\index.html,15,html,425ca5a8,ChidiebereAgunanne,2026-04-02,17:04:47,-07:00,2026-04-02T17:04:47-07:00,4,5
contact\index.html,16,html,425ca5a8,ChidiebereAgunanne,2026-04-02,17:04:47,-07:00,2026-04-02T17:04:47-07:00,6,9
contact\index.html,17,html,632ff36f,ChidiebereAgunanne,2026-04-22,13:36:19,-07:00,2026-04-22T13:36:19-07:00,6,40
contact\index.html,18,html,425ca5a8,ChidiebereAgunanne,2026-04-02,17:04:47,-07:00,2026-04-02T17:04:47-07:00,4,6
contact\index.html,19,html,425ca5a8,ChidiebereAgunanne,2026-04-02,17:04:47,-07:00,2026-04-02T17:04:47-07:00,4,6
contact\index.html,20,html,632ff36f,ChidiebereAgunanne,2026-04-22,13:36:19,-07:00,2026-04-22T13:36:19-07:00,0,0
contact\index.html,21,html,425ca5a8,ChidiebereAgunanne,2026-04-02,17:04:47,-07:00,2026-04-02T17:04:47-07:00,4,5
contact\index.html,22,html,425ca5a8,ChidiebereAgunanne,2026-04-02,17:04:47,-07:00,2026-04-02T17:04:47-07:00,6,6
contact\index.html,23,html,632ff36f,ChidiebereAgunanne,2026-04-22,13:36:19,-07:00,2026-04-22T13:36:19-07:00,6,29
contact\index.html,24,html,425ca5a8,ChidiebereAgunanne,2026-04-02,17:04:47,-07:00,2026-04-02T17:04:47-07:00,4,6
contact\index.html,25,html,425ca5a8,ChidiebereAgunanne,2026-04-02,17:04:47,-07:00,2026-04-02T17:04:47-07:00,4,6
contact\index.html,26,html,632ff36f,ChidiebereAgunanne,2026-04-22,13:36:19,-07:00,2026-04-22T13:36:19-07:00,0,0
contact\index.html,27,html,425ca5a8,ChidiebereAgunanne,2026-04-02,17:04:47,-07:00,2026-04-02T17:04:47-07:00,4,5
contact\index.html,28,html,425ca5a8,ChidiebereAgunanne,2026-04-02,17:04:47,-07:00,2026-04-02T17:04:47-07:00,6,6
contact\index.html,29,html,632ff36f,ChidiebereAgunanne,2026-04-22,13:36:19,-07:00,2026-04-22T13:36:19-07:00,6,40
contact\index.html,30,html,425ca5a8,ChidiebereAgunanne,2026-04-02,17:04:47,-07:00,2026-04-02T17:04:47-07:00,4,6
contact\index.html,31,html,425ca5a8,ChidiebereAgunanne,2026-04-02,17:04:47,-07:00,2026-04-02T17:04:47-07:00,4,6
contact\index.html,32,html,632ff36f,ChidiebereAgunanne,2026-04-22,13:36:19,-07:00,2026-04-22T13:36:19-07:00,0,0
contact\index.html,33,html,632ff36f,ChidiebereAgunanne,2026-04-22,13:36:19,-07:00,2026-04-22T13:36:19-07:00,4,35
contact\index.html,34,html,425ca5a8,ChidiebereAgunanne,2026-04-02,17:04:47,-07:00,2026-04-02T17:04:47-07:00,2,5
contact\index.html,35,html,ab1dd98f,ChidiebereAgunanne,2026-04-02,16:52:49,-07:00,2026-04-02T16:52:49-07:00,0,5
contact\index.html,36,html,ab1dd98f,ChidiebereAgunanne,2026-04-02,16:52:49,-07:00,2026-04-02T16:52:49-07:00,0,5
contact\contact.js,1,js,632ff36f,ChidiebereAgunanne,2026-04-22,13:36:19,-07:00,2026-04-22T13:36:19-07:00,0,42
contact\contact.js,2,js,632ff36f,ChidiebereAgunanne,2026-04-22,13:36:19,-07:00,2026-04-22T13:36:19-07:00,0,0
contact\contact.js,3,js,632ff36f,ChidiebereAgunanne,2026-04-22,13:36:19,-07:00,2026-04-22T13:36:19-07:00,0,45
contact\contact.js,4,js,632ff36f,ChidiebereAgunanne,2026-04-22,13:36:19,-07:00,2026-04-22T13:36:19-07:00,2,17
contact\contact.js,5,js,632ff36f,ChidiebereAgunanne,2026-04-22,13:36:19,-07:00,2026-04-22T13:36:19-07:00,0,0
contact\contact.js,6,js,632ff36f,ChidiebereAgunanne,2026-04-22,13:36:19,-07:00,2026-04-22T13:36:19-07:00,2,30
contact\contact.js,7,js,632ff36f,ChidiebereAgunanne,2026-04-22,13:36:19,-07:00,2026-04-22T13:36:19-07:00,0,0
contact\contact.js,8,js,632ff36f,ChidiebereAgunanne,2026-04-22,13:36:19,-07:00,2026-04-22T13:36:19-07:00,2,14
contact\contact.js,9,js,632ff36f,ChidiebereAgunanne,2026-04-22,13:36:19,-07:00,2026-04-22T13:36:19-07:00,0,0
contact\contact.js,10,js,632ff36f,ChidiebereAgunanne,2026-04-22,13:36:19,-07:00,2026-04-22T13:36:19-07:00,2,31
contact\contact.js,11,js,632ff36f,ChidiebereAgunanne,2026-04-22,13:36:19,-07:00,2026-04-22T13:36:19-07:00,4,45
contact\contact.js,12,js,632ff36f,ChidiebereAgunanne,2026-04-22,13:36:19,-07:00,2026-04-22T13:36:19-07:00,4,37
contact\contact.js,13,js,632ff36f,ChidiebereAgunanne,2026-04-22,13:36:19,-07:00,2026-04-22T13:36:19-07:00,2,0
contact\contact.js,14,js,632ff36f,ChidiebereAgunanne,2026-04-22,13:36:19,-07:00,2026-04-22T13:36:19-07:00,0,0
contact\contact.js,15,js,632ff36f,ChidiebereAgunanne,2026-04-22,13:36:19,-07:00,2026-04-22T13:36:19-07:00,2,47
contact\contact.js,16,js,632ff36f,ChidiebereAgunanne,2026-04-22,13:36:19,-07:00,2026-04-22T13:36:19-07:00,0,0
contact\contact.js,17,js,632ff36f,ChidiebereAgunanne,2026-04-22,13:36:19,-07:00,2026-04-22T13:36:19-07:00,2,18
contact\contact.js,18,js,632ff36f,ChidiebereAgunanne,2026-04-22,13:36:19,-07:00,2026-04-22T13:36:19-07:00,0,1
